RA,DEC,R500,M500,Z
234.8913,-83.5922,1.0138,317700000000000.0,0.0728
147.1642,-83.4656,0.997,343230000000000.0,0.1982
316.2446,-82.7228,0.792,155060000000000.0,0.0969
304.0583,-80.7992,0.8864,224900000000000.0,0.1309
256.2929,-82.1739,0.841,181480000000000.0,0.0737
13.1871,-80.2664,1.0783,398120000000000.0,0.1141
280.155,-77.1556,0.5714,54100000000000.0,0.0194
281.6779,-74.5331,0.6672,96890000000000.0,0.141
145.8542,-76.3325,1.0915,450790000000000.0,0.199
321.095,-74.7736,0.7308,117360000000000.0,0.0586
323.3512,-71.9358,0.6422,79450000000000.0,0.0559
256.4921,-74.3753,0.9764,319610000000000.0,0.19
61.6908,-71.275,0.8293,204200000000000.0,0.229
160.1867,-70.7969,0.8359,176030000000000.0,0.061
350.4525,-69.6986,1.0608,407610000000000.0,0.1846
349.8,-67.84,0.4746,31260000000000.0,0.0286
318.5821,-68.0156,0.5801,62980000000000.0,0.13
14.4504,-66.8122,0.8116,161950000000000.0,0.0661
243.5329,-63.1306,0.7571,130910000000000.0,0.062
98.8683,-62.5683,0.6729,101080000000000.0,0.157
98.6421,-62.4461,0.7408,152200000000000.0,0.27
337.2138,-60.8989,0.6001,64000000000000.0,0.0423
359.83,-60.7,0.8572,196990000000000.0,0.0989
28.5521,-59.6258,0.6985,141200000000000.0,0.36
108.0225,-60.5017,0.5292,43480000000000.0,0.0322
319.2025,-59.4981,0.7146,109910000000000.0,0.0602
82.6296,-58.8597,0.5583,70310000000000.0,0.338
82.41,-58.8028,0.6098,106240000000000.0,0.466
83.4829,-58.1544,0.5435,55600000000000.0,0.198
90.2013,-58.5872,0.5274,43210000000000.0,0.0369
83.4712,-57.7792,0.6897,126580000000000.0,0.297
201.18,-57.6144,0.834,168120000000000.0,0.019
302.8462,-57.4275,1.1103,517350000000000.0,0.2786
325.9929,-56.6264,0.9514,265040000000000.0,0.0824
327.8446,-55.3533,0.5557,50650000000000.0,0.0385
312.9108,-57.0733,0.3861,17340000000000.0,0.0599
336.1817,-56.5347,0.5524,49610000000000.0,0.0355
97.8363,-56.1722,0.7544,128550000000000.0,0.054
10.0271,-56.1167,0.5179,40580000000000.0,0.0277
19.4604,-54.9239,1.0719,451640000000000.0,0.251
72.8992,-55.9539,0.6377,80730000000000.0,0.094
67.2825,-53.8475,0.5998,63760000000000.0,0.04
300.8679,-55.9464,0.2827,6520000000000.0,0.0148
64.1871,-55.4189,0.6629,121360000000000.0,0.365
96.3179,-55.3517,0.7483,133600000000000.0,0.118
55.0358,-55.0539,0.6171,69870000000000.0,0.0464
53.7342,-53.7022,0.6721,91580000000000.0,0.0619
58.0862,-54.8858,0.6121,68060000000000.0,0.0447
351.4129,-54.7325,0.5185,43740000000000.0,0.102
351.6954,-52.71,0.8278,178950000000000.0,0.1074
302.2667,-54.3578,0.6369,77200000000000.0,0.0516
305.4779,-52.9478,0.9013,238260000000000.0,0.1383
215.9304,-54.2033,1.2787,809350000000000.0,0.3
119.4437,-53.2636,0.7216,110920000000000.0,0.039
291.7429,-53.7031,0.7916,148950000000000.0,0.057
95.4317,-52.7031,0.6818,94660000000000.0,0.0511
96.1967,-52.6789,0.6011,66290000000000.0,0.074
50.5529,-53.1781,0.7305,119660000000000.0,0.0797
52.5029,-52.5961,0.8831,207860000000000.0,0.0624
50.4875,-51.3258,0.6797,95450000000000.0,0.0696
32.47,-51.2719,0.6235,84670000000000.0,0.206
346.3608,-51.5083,0.4608,33730000000000.0,0.194
270.6225,-52.6092,0.9696,292640000000000.0,0.125
335.5579,-52.5869,0.6421,89400000000000.0,0.174
39.4983,-52.4131,0.7241,123270000000000.0,0.136
316.2279,-51.8264,0.7628,132270000000000.0,0.0491
292.0583,-50.93,0.9534,285270000000000.0,0.1496
5.1421,-49.2278,0.6595,87300000000000.0,0.0711
65.62,-50.1503,0.5542,52770000000000.0,0.0901
65.2646,-46.4928,0.6183,76350000000000.0,0.131
64.3575,-45.2078,0.7737,162980000000000.0,0.213
91.7558,-49.4833,0.6546,84100000000000.0,0.0553
50.5854,-49.3117,0.4964,37080000000000.0,0.067
200.1958,-48.9303,1.0199,378940000000000.0,0.227
336.8679,-48.8817,0.7421,127560000000000.0,0.097
336.5442,-47.7503,0.7336,125210000000000.0,0.113
92.6333,-48.8072,0.7042,126920000000000.0,0.243
302.4754,-48.3931,0.363,13740000000000.0,0.0097
34.0796,-48.2731,0.9318,272250000000000.0,0.1709
34.1763,-47.8233,0.6933,100750000000000.0,0.064
86.94,-47.39,0.6074,66950000000000.0,0.0515
85.8517,-44.5053,0.9948,328820000000000.0,0.1637
294.5813,-47.8044,1.0904,483550000000000.0,0.2665
296.6429,-42.9422,0.8367,185730000000000.0,0.1128
83.1742,-46.2381,0.6436,86440000000000.0,0.135
233.7879,-46.9792,0.4925,35160000000000.0,0.036
229.595,-46.5403,0.7448,123960000000000.0,0.056
182.6842,-46.7383,0.6361,75490000000000.0,0.032
41.3025,-46.4539,0.7034,107540000000000.0,0.0868
180.2642,-46.3906,0.8749,213500000000000.0,0.118
326.9812,-46.0053,0.7705,137640000000000.0,0.0593
55.2054,-45.7053,0.7339,120150000000000.0,0.0698
55.4879,-45.0031,0.4761,47270000000000.0,0.408
58.6442,-42.5592,0.662,103290000000000.0,0.224
52.9975,-45.4067,0.4142,21550000000000.0,0.0671
50.1575,-43.1978,0.6094,74450000000000.0,0.149
50.0754,-42.9869,0.6397,86940000000000.0,0.158
342.7038,-45.3592,0.5572,51670000000000.0,0.0511
346.3942,-45.2206,0.919,249260000000000.0,0.1253
30.5783,-44.7936,0.6251,73660000000000.0,0.0616
22.1537,-43.4158,0.5831,75720000000000.0,0.288
23.2275,-42.9961,0.526,45010000000000.0,0.0876
17.1383,-40.35,0.8856,226580000000000.0,0.1408
17.9025,-38.1867,0.4604,31240000000000.0,0.122
21.5192,-37.9767,0.668,91590000000000.0,0.081
16.9546,-36.7272,0.8642,205890000000000.0,0.1186
85.0417,-43.3822,0.8178,168740000000000.0,0.085
85.7117,-41.0014,0.8038,299960000000000.0,0.642
314.98,-42.7592,0.6514,109830000000000.0,0.323
324.9937,-43.0872,0.636,108560000000000.0,0.376
324.4629,-42.8522,0.7461,141870000000000.0,0.185
291.3733,-42.9492,0.8466,185850000000000.0,0.0774
212.6188,-42.7769,0.7482,124830000000000.0,0.049
204.3675,-41.3336,0.6913,98740000000000.0,0.0519
349.5229,-42.5928,0.6145,81290000000000.0,0.209
349.775,-42.1139,0.9367,244030000000000.0,0.045
350.3892,-41.8989,0.9415,258630000000000.0,0.0894
304.6067,-41.0467,0.4591,28040000000000.0,0.0192
315.3671,-41.0017,0.9605,297740000000000.0,0.1694
193.4204,-39.5319,1.2717,698380000000000.0,0.1794
56.4404,-41.2075,0.7498,126990000000000.0,0.0603
61.3513,-41.0042,0.7502,257140000000000.0,0.686
200.1779,-41.0397,0.6708,90000000000000.0,0.0495
201.3954,-38.4306,0.7474,190850000000000.0,0.445
201.2571,-38.2264,0.6442,103010000000000.0,0.296
32.8563,-40.2867,0.8072,164780000000000.0,0.1008
32.5575,-39.5475,0.4517,30930000000000.0,0.168
32.6067,-39.4964,0.4794,36850000000000.0,0.165
53.2733,-39.2303,0.5047,46820000000000.0,0.245
53.5154,-39.0136,0.4885,35190000000000.0,0.0623
96.1529,-37.3358,0.5887,59900000000000.0,0.0333
359.9821,-39.4797,0.8826,215790000000000.0,0.1024
2.4438,-35.275,0.6639,87280000000000.0,0.05
4.3904,-35.165,0.7883,152910000000000.0,0.0968
27.5071,-39.4528,0.7134,152660000000000.0,0.373
89.305,-37.4661,0.6894,97220000000000.0,0.0442
188.5704,-38.9428,1.134,526830000000000.0,0.2373
189.1937,-35.5328,0.7512,129320000000000.0,0.0736
65.1863,-38.6992,0.5855,71540000000000.0,0.225
65.0254,-38.6342,0.7046,143310000000000.0,0.35
67.1767,-38.0964,0.5899,67890000000000.0,0.154
196.4771,-37.6614,0.7432,122420000000000.0,0.0497
48.4083,-38.2986,0.694,102940000000000.0,0.0833
57.6829,-38.0236,0.7986,211780000000000.0,0.363
58.9971,-37.6961,0.8349,274940000000000.0,0.473
57.9075,-36.8306,0.642,111180000000000.0,0.372
58.8746,-36.5675,1.0079,405320000000000.0,0.32
54.6163,-35.4483,0.4017,18550000000000.0,0.0051
206.7188,-37.8744,0.619,69920000000000.0,0.0377
352.9671,-37.7864,0.6226,91350000000000.0,0.28
342.3233,-37.4572,0.4717,30700000000000.0,0.0289
14.0146,-37.5453,0.8857,231880000000000.0,0.163
281.1321,-37.4047,1.0227,372410000000000.0,0.203
80.5575,-36.4136,0.7638,210280000000000.0,0.472
83.3275,-36.3256,0.6257,72940000000000.0,0.0479
109.295,-36.3603,0.7176,108380000000000.0,0.032
341.5492,-36.0061,0.6138,70130000000000.0,0.0673
302.9721,-35.9278,0.6153,78500000000000.0,0.172
300.805,-32.7919,0.7169,135850000000000.0,0.256
0.8004,-35.9272,0.7388,120160000000000.0,0.049
346.3571,-35.7619,0.6062,77380000000000.0,0.201
96.7842,-35.4889,0.824,167780000000000.0,0.0554
359.8637,-34.3061,0.6198,75680000000000.0,0.115
321.4796,-34.7244,0.7066,107870000000000.0,0.0757
308.5813,-34.4875,0.9196,249430000000000.0,0.124
174.8638,-33.4539,0.8789,214200000000000.0,0.1076
210.8996,-33.9878,0.4523,26660000000000.0,0.0132
204.1617,-33.9583,0.3539,12760000000000.0,0.0123
202.4558,-33.1731,0.3805,16450000000000.0,0.0511
203.0942,-33.1394,0.8265,168210000000000.0,0.0487
202.885,-31.8153,0.6548,83320000000000.0,0.0448
204.5242,-29.7394,0.7211,128610000000000.0,0.189
292.9112,-33.9131,0.9136,238060000000000.0,0.0972
189.1863,-33.9028,0.8103,163270000000000.0,0.0796
207.6829,-33.7214,0.8849,220040000000000.0,0.1142
206.8013,-30.4194,0.378,15590000000000.0,0.0145
207.3304,-30.3094,0.4715,30300000000000.0,0.016
208.3721,-27.8886,0.6651,87490000000000.0,0.0468
37.6812,-33.0986,0.72,114140000000000.0,0.076
246.5863,-33.4889,1.1377,465560000000000.0,0.1098
246.995,-29.8808,0.6597,86770000000000.0,0.064
253.7571,-26.4247,0.8986,225830000000000.0,0.094
57.0933,-33.4758,0.829,190550000000000.0,0.165
54.8513,-33.2192,0.7721,172120000000000.0,0.269
53.0562,-29.1775,0.6911,108690000000000.0,0.15
56.7508,-29.0036,0.9502,280180000000000.0,0.1419
55.1133,-28.6722,0.672,92090000000000.0,0.068
55.215,-28.3861,0.806,213520000000000.0,0.346
54.2058,-28.0814,0.6952,105710000000000.0,0.105
223.8079,-33.4267,0.8848,220290000000000.0,0.1158
218.5721,-32.4844,0.9676,328550000000000.0,0.241
82.1671,-32.8581,0.6956,126420000000000.0,0.273
81.3867,-31.5956,0.7179,109130000000000.0,0.038
198.4129,-32.8447,0.4101,20600000000000.0,0.0518
202.4288,-31.6025,0.8328,172100000000000.0,0.0488
194.9396,-32.6167,0.5307,45710000000000.0,0.076
194.2492,-31.3219,0.7174,110760000000000.0,0.0561
193.1421,-31.2678,0.8575,188720000000000.0,0.0535
196.0696,-30.5153,0.4278,22540000000000.0,0.0117
193.8938,-30.3306,0.8043,155830000000000.0,0.0541
359.9,-32.185,0.6776,147840000000000.0,0.478
342.9483,-32.1033,1.099,484090000000000.0,0.246
231.0533,-31.9039,1.0452,358550000000000.0,0.1028
18.4758,-31.7519,0.3405,11440000000000.0,0.0191
20.65,-28.5347,0.7256,140850000000000.0,0.256
255.2229,-31.7414,0.8561,203310000000000.0,0.134
354.0708,-31.6103,0.7525,128860000000000.0,0.0643
4.0825,-31.3653,0.7431,126070000000000.0,0.0805
357.2229,-31.2867,0.6822,108310000000000.0,0.184
42.4038,-31.1886,0.5356,44690000000000.0,0.023
327.2808,-30.6986,0.9713,292190000000000.0,0.1184
25.3846,-30.5783,0.8396,269690000000000.0,0.442
336.9683,-30.57,0.8413,178960000000000.0,0.0579
299.5617,-30.1894,1.0894,411840000000000.0,0.1171
305.2079,-30.0336,1.0154,366110000000000.0,0.2073
167.5192,-29.9517,0.6172,81580000000000.0,0.2
168.2738,-26.26,0.6638,186570000000000.0,0.725
182.075,-29.6333,0.7179,124520000000000.0,0.171
12.35,-29.5244,0.9086,236820000000000.0,0.1084
13.5117,-28.3994,0.6315,96610000000000.0,0.292
14.2338,-27.67,0.6481,143120000000000.0,0.563
36.2938,-29.4739,0.7192,112070000000000.0,0.0604
11.3283,-29.4006,0.7609,162590000000000.0,0.257
9.3625,-28.5311,0.7476,131460000000000.0,0.105
193.02,-29.3475,0.6336,87150000000000.0,0.188
193.5979,-29.0228,0.8018,154350000000000.0,0.0542
76.3329,-28.8181,0.6788,154200000000000.0,0.509
76.5167,-28.6806,0.5583,56510000000000.0,0.136
76.4925,-28.4339,0.5159,44350000000000.0,0.131
80.2938,-25.51,0.7704,245570000000000.0,0.581
357.0542,-28.8169,0.9489,304880000000000.0,0.226
39.3717,-26.5047,1.0365,395430000000000.0,0.2216
41.0262,-26.1853,0.8714,214890000000000.0,0.1362
84.7679,-28.5514,0.628,91110000000000.0,0.254
218.7525,-28.3656,0.737,121610000000000.0,0.0689
216.9146,-25.3508,0.94,330000000000000.0,0.318
315.4529,-28.035,0.6789,92290000000000.0,0.0382
310.81,-26.49,0.6164,69270000000000.0,0.0408
337.4392,-27.9267,1.06,473660000000000.0,0.324
333.2717,-27.8997,0.6747,92580000000000.0,0.061
222.1508,-27.8194,0.734,133630000000000.0,0.175
159.1742,-27.5244,0.7015,99440000000000.0,0.0126
126.6154,-27.355,0.7625,131150000000000.0,0.041
211.8671,-27.0153,0.7189,108060000000000.0,0.023
149.5071,-26.8381,0.8353,190960000000000.0,0.145
194.7075,-26.6675,0.8057,160050000000000.0,0.0767
146.1525,-26.5656,1.0416,369170000000000.0,0.1421
14.3529,-26.2806,0.8165,172670000000000.0,0.113
85.5387,-26.1236,0.6611,85300000000000.0,0.039
86.3633,-25.9389,0.5533,50180000000000.0,0.0424
86.0554,-25.9278,0.6538,103500000000000.0,0.26
3.85,-23.845,0.6888,98840000000000.0,0.0645
207.2325,-25.4419,0.9008,235150000000000.0,0.1269
203.2325,-25.3239,0.861,203850000000000.0,0.1199
316.8012,-25.4381,0.6121,67630000000000.0,0.0381
54.4371,-25.3775,0.5773,103800000000000.0,0.585
53.2925,-24.9447,0.8021,244420000000000.0,0.475
11.4379,-25.2617,0.6431,84270000000000.0,0.112
10.2929,-23.6592,0.4623,31300000000000.0,0.112
308.935,-25.2178,0.4129,20420000000000.0,0.02
309.1662,-22.7892,0.6533,94720000000000.0,0.18
42.87,-24.9494,0.8079,167350000000000.0,0.1134
16.1458,-24.0,0.8762,223940000000000.0,0.1603
56.4833,-24.2803,0.9131,239700000000000.0,0.1057
7.6567,-24.1814,0.7938,162780000000000.0,0.1382
350.3512,-23.2056,0.7774,145520000000000.0,0.089
162.6513,-24.0961,1.0406,392600000000000.0,0.2037
325.0633,-23.6611,1.06,470000000000000.0,0.313
324.77,-23.5522,0.8722,262670000000000.0,0.32
258.1029,-23.3503,1.2205,531230000000000.0,0.028
39.9692,-23.3431,0.656,129850000000000.0,0.45
40.6496,-21.5406,1.09,509250000000000.0,0.314
42.5717,-21.4989,1.0456,399640000000000.0,0.207
42.8242,-20.9294,0.766,178970000000000.0,0.325
317.9162,-23.1497,0.5003,36780000000000.0,0.0333
166.8292,-23.0022,0.7252,115300000000000.0,0.0639
54.5492,-22.94,0.5906,69470000000000.0,0.173
55.0475,-18.5875,0.2707,5680000000000.0,0.0056
228.0525,-22.9164,1.1621,618050000000000.0,0.3152
287.5371,-22.6511,0.704,104680000000000.0,0.056
19.4025,-22.6369,0.6567,99010000000000.0,0.207
24.1008,-18.1997,0.5162,50440000000000.0,0.251
21.8079,-17.7714,0.8337,190060000000000.0,0.1459
324.9658,-22.4733,0.5303,43780000000000.0,0.0328
321.875,-21.9028,0.7588,138590000000000.0,0.113
330.4621,-22.4444,0.7828,145710000000000.0,0.0691
330.9608,-21.5086,0.684,97620000000000.0,0.0732
14.2292,-22.2308,0.5533,53890000000000.0,0.116
26.1742,-22.2286,0.9918,368570000000000.0,0.2781
44.5625,-21.0914,0.7926,159440000000000.0,0.1226
69.28,-20.4572,0.9406,275520000000000.0,0.155
87.21,-21.9119,0.8111,165910000000000.0,0.0928
356.1204,-21.8928,0.7693,144300000000000.0,0.1122
310.8025,-21.735,1.0518,405560000000000.0,0.2041
315.3946,-13.2919,0.5349,44730000000000.0,0.0282
308.7325,-21.7172,1.0045,349790000000000.0,0.1947
305.7567,-20.9486,0.733,118210000000000.0,0.0564
348.2538,-21.6319,0.9286,247580000000000.0,0.0871
349.0312,-20.4553,0.8906,217310000000000.0,0.0822
199.9363,-21.4564,0.7822,159920000000000.0,0.164
146.0429,-21.2778,0.2935,7250000000000.0,0.0077
12.1583,-21.2472,0.6811,94970000000000.0,0.0581
279.9729,-21.1436,0.7655,136130000000000.0,0.068
151.785,-20.5239,0.4776,34270000000000.0,0.105
144.4988,-20.3458,0.5504,49000000000000.0,0.0344
215.4888,-20.16,0.848,194970000000000.0,0.1208
214.2146,-11.9761,0.8491,191330000000000.0,0.0982
329.5838,-20.1044,0.6687,89780000000000.0,0.057
330.6871,-19.0361,0.6238,110060000000000.0,0.438
171.0158,-17.0031,0.6787,136730000000000.0,0.407
116.885,-19.2922,1.365,798550000000000.0,0.1028
150.7771,-19.4297,0.7195,135390000000000.0,0.243
148.3004,-15.9811,0.5225,41770000000000.0,0.0302
50.9979,-19.2761,0.8025,207380000000000.0,0.332
183.0788,-18.2786,1.0892,483270000000000.0,0.269
73.7096,-18.1092,0.5952,61940000000000.0,0.0335
71.2917,-15.8503,0.6646,86420000000000.0,0.036
34.1404,-17.7908,0.7376,214740000000000.0,0.578
339.8183,-17.3294,0.6501,83950000000000.0,0.0751
333.1592,-17.2319,0.4221,24370000000000.0,0.134
333.6096,-17.0233,0.9617,293830000000000.0,0.153
333.3771,-16.9347,0.6995,132070000000000.0,0.297
6.015,-17.0756,0.8722,227570000000000.0,0.189
206.5567,-16.545,0.6572,85140000000000.0,0.0557
198.85,-16.3897,0.5638,51440000000000.0,0.0087
177.9087,-16.3206,0.7974,154510000000000.0,0.0722
339.2529,-15.2689,0.7709,177130000000000.0,0.299
19.0492,-15.9233,0.5523,50000000000000.0,0.0448
14.6175,-14.4275,0.716,114440000000000.0,0.0957
0.4125,-15.6811,0.8021,165570000000000.0,0.1246
358.7979,-15.0081,0.5016,38970000000000.0,0.0857
6.3725,-12.3769,0.95,462320000000000.0,0.5843
193.6954,-15.4444,0.9493,281910000000000.0,0.1506
194.2925,-13.6556,0.3992,18370000000000.0,0.0151
193.9254,-12.655,0.6479,81790000000000.0,0.0585
191.1583,-11.9853,0.9066,232460000000000.0,0.0963
190.1042,-11.7931,0.5879,70000000000000.0,0.193
226.1629,-14.8994,0.751,161070000000000.0,0.284
346.8138,-15.2283,0.9215,247690000000000.0,0.111
28.1721,-13.9703,0.7629,322230000000000.0,0.833
28.2458,-13.7533,0.2476,4340000000000.0,0.005
31.7079,-13.1525,0.763,176060000000000.0,0.321
172.5813,-14.5831,1.0262,340620000000000.0,0.1068
173.8217,-13.5189,0.7455,126220000000000.0,0.0722
146.6375,-14.1639,0.5215,50830000000000.0,0.23
20.7296,-12.7639,0.7654,143660000000000.0,0.123
50.7475,-13.6375,0.7361,160410000000000.0,0.334
269.7621,-13.5544,0.8193,163250000000000.0,0.045
272.255,-4.2439,1.1748,631250000000000.0,0.305
269.4304,-1.1431,0.8798,207620000000000.0,0.0728
323.5688,-13.48,0.9604,274600000000000.0,0.0897
346.7154,-13.4164,0.7103,108510000000000.0,0.0659
346.65,-13.32,0.7719,139310000000000.0,0.0659
184.8325,-13.26,0.8512,187280000000000.0,0.0688
181.64,-7.74,0.63,75880000000000.0,0.068
289.3992,-13.2553,1.067,411390000000000.0,0.177
24.3717,-12.9861,0.9099,265430000000000.0,0.2143
100.0333,-12.8886,1.1889,545070000000000.0,0.135
162.6062,-12.8464,0.522,41090000000000.0,0.0155
162.0029,-11.4031,0.4199,22400000000000.0,0.065
139.5271,-12.0933,1.0658,362430000000000.0,0.0539
57.0363,-12.0261,0.6831,153310000000000.0,0.488
66.4642,-8.5592,0.8905,208610000000000.0,0.0397
88.3625,-5.9675,0.9765,306950000000000.0,0.151
160.3925,-11.3886,0.7513,130710000000000.0,0.0839
109.3625,-11.3314,1.0098,314570000000000.0,0.075
210.4029,-11.1244,0.787,148170000000000.0,0.0698
212.0292,-9.0711,0.5909,60710000000000.0,0.0354
137.6513,-10.5811,0.8627,199360000000000.0,0.0916
356.6767,-10.4697,0.9496,294400000000000.0,0.1911
334.0646,-9.34,0.922,241240000000000.0,0.0825
326.7521,-10.3178,0.7382,123250000000000.0,0.078
37.0562,-10.0958,0.6017,71650000000000.0,0.149
35.8675,-8.87,0.6246,81320000000000.0,0.163
38.5554,-3.9475,0.6255,112130000000000.0,0.447
149.11,-10.07,1.1613,523020000000000.0,0.1634
150.6683,-8.1461,0.6721,152350000000000.0,0.524
329.6271,-9.8078,0.8347,178700000000000.0,0.0809
329.3575,-7.7947,0.737,120330000000000.0,0.0579
46.6196,-9.7306,0.4617,28930000000000.0,0.0342
46.1029,-7.0369,0.5887,66180000000000.0,0.135
46.7696,-6.4808,0.9129,310620000000000.0,0.347
45.5887,-4.3914,1.1078,556810000000000.0,0.35
12.7471,-9.4872,0.7167,127650000000000.0,0.199
76.9404,-9.2544,0.6201,70450000000000.0,0.0398
77.4308,-8.6114,0.5426,51280000000000.0,0.125
24.3142,-9.2028,0.6842,94720000000000.0,0.0409
23.1704,-8.0722,0.9487,280840000000000.0,0.1489
193.2729,-9.2003,0.455,27190000000000.0,0.0146
195.4013,-6.8333,0.8002,158840000000000.0,0.0898
193.5112,-6.7011,1.0473,396980000000000.0,0.1962
219.2229,-9.0036,0.8033,159810000000000.0,0.0842
29.3513,-5.84,0.8779,218080000000000.0,0.1289
224.7646,-8.725,0.8461,190470000000000.0,0.1043
225.3258,-8.5092,0.7589,137930000000000.0,0.108
225.2679,-8.4156,0.6063,110030000000000.0,0.51
289.6308,-8.7081,0.7902,152960000000000.0,0.09
68.5654,-8.5214,0.5519,60910000000000.0,0.24
314.5633,-7.7614,0.7457,127230000000000.0,0.0793
314.0908,-4.6308,0.7302,209620000000000.0,0.583
309.6225,-1.4214,0.6705,180720000000000.0,0.673
248.4746,-7.645,0.8024,161350000000000.0,0.0974
263.9488,-7.3622,0.5956,61510000000000.0,0.0239
261.7442,-3.2953,0.8449,186640000000000.0,0.088
197.8758,-5.8572,0.7234,176330000000000.0,0.461
317.2133,-5.2803,0.6528,110000000000000.0,0.319
316.7046,-5.1653,0.8284,261170000000000.0,0.449
317.1662,-5.1242,0.4844,40390000000000.0,0.222
181.0954,-3.8486,0.5865,74800000000000.0,0.261
181.2621,-3.5419,0.5381,65140000000000.0,0.368
180.2058,-3.4583,0.745,178540000000000.0,0.396
156.9983,-6.7961,0.8553,199360000000000.0,0.1176
155.12,-6.5197,0.6567,84810000000000.0,0.054
336.4625,-6.6033,0.8512,191170000000000.0,0.0897
0.1029,-2.625,0.4817,32970000000000.0,0.0379
339.8933,-6.0039,0.4778,36780000000000.0,0.173
339.8521,-5.7825,0.6878,118160000000000.0,0.242
339.9121,-5.7203,0.7413,148080000000000.0,0.243
191.93,-5.8158,0.5657,69500000000000.0,0.2928
192.1521,-5.8003,0.1583,1130000000000.0,0.0041
296.9142,-5.7042,0.5019,36930000000000.0,0.028
71.6583,-4.3506,0.799,172790000000000.0,0.177
334.5713,-3.8342,0.9526,268040000000000.0,0.0901
334.6687,-3.78,0.8448,186930000000000.0,0.09
54.095,-3.7914,0.9703,303820000000000.0,0.1595
55.1742,-2.6658,0.6464,79460000000000.0,0.0352
357.5379,-3.6528,0.8684,214950000000000.0,0.1466
356.8517,-2.3144,0.4383,24470000000000.0,0.0223
164.2479,-3.6244,0.7768,339290000000000.0,0.8309
162.6475,-2.6,0.9793,314220000000000.0,0.1651
160.6008,0.1378,0.6289,81010000000000.0,0.139
75.3308,-3.5425,0.8094,164620000000000.0,0.0913
76.9,-2.64,0.8665,208660000000000.0,0.1241
42.0083,-3.5375,1.074,424650000000000.0,0.1883
43.2058,-1.2742,0.5432,46640000000000.0,0.0235
19.1654,-3.5031,0.5099,40750000000000.0,0.081
59.7883,-3.3411,0.8778,216450000000000.0,0.122
237.1912,-2.9964,0.8361,183210000000000.0,0.101
197.7579,-3.1767,0.95,415240000000000.0,0.494
197.3208,-1.6125,0.8439,185970000000000.0,0.088
213.1479,-3.1528,0.7099,127000000000000.0,0.221
213.965,0.2589,0.7163,118090000000000.0,0.1259
213.8092,0.5011,0.9452,275370000000000.0,0.1403
123.8692,-3.1419,0.99,336050000000000.0,0.198
122.4821,-2.9822,1.1492,568200000000000.0,0.27
49.6392,-3.0489,0.8786,284220000000000.0,0.37
49.5729,-3.0206,0.7125,151610000000000.0,0.37
52.4229,-2.1961,0.99,446220000000000.0,0.45
73.5821,-2.6639,0.7487,155390000000000.0,0.26
67.4,-2.885,1.12,608820000000000.0,0.399
70.7913,2.1719,0.9344,280160000000000.0,0.19
225.2996,1.6981,0.4377,23990000000000.0,0.005
16.7183,-2.49,0.9897,333220000000000.0,0.1909
16.7096,1.0547,1.0884,474100000000000.0,0.2537
16.2596,2.03,0.9686,314240000000000.0,0.1967
17.0479,2.1761,0.6257,72630000000000.0,0.0436
348.9383,-2.3769,0.5849,58410000000000.0,0.0267
208.57,-2.3628,0.7402,208870000000000.0,0.546
30.4342,-2.2008,1.0767,431370000000000.0,0.196
29.6183,-1.7808,0.8815,228670000000000.0,0.1632
30.5829,-1.1203,0.593,61770000000000.0,0.0427
254.4392,-1.8317,0.5416,46560000000000.0,0.0313
253.9842,-1.2292,0.5882,60190000000000.0,0.0408
153.3658,-1.6117,0.7166,138670000000000.0,0.276
153.4367,0.1086,0.7915,154130000000000.0,0.0927
151.9538,0.5169,0.7042,108930000000000.0,0.096
153.4179,0.9144,0.7265,113770000000000.0,0.0445
228.2125,-1.4797,0.8808,218750000000000.0,0.1223
229.08,0.0978,0.9337,259490000000000.0,0.1181
229.1417,0.9489,0.8839,220530000000000.0,0.1198
226.6242,1.605,0.3572,13050000000000.0,0.006
227.8896,1.7642,0.5252,42750000000000.0,0.0384
147.9458,-1.4758,0.6514,146140000000000.0,0.568
21.42,-1.4072,0.5161,39810000000000.0,0.018
20.4929,0.3575,0.8216,187550000000000.0,0.1756
22.9267,0.5619,0.645,82360000000000.0,0.0798
21.3529,1.7411,0.5035,36970000000000.0,0.0181
21.3746,1.7628,0.4525,26830000000000.0,0.0183
21.1462,4.0136,0.5979,84230000000000.0,0.316
5.0446,0.0917,0.7352,139750000000000.0,0.2124
5.775,4.3536,0.6469,124960000000000.0,0.453
5.5142,4.3772,0.6277,108150000000000.0,0.407
6.6992,5.0239,0.6162,85950000000000.0,0.2529
44.1375,0.1033,0.941,345200000000000.0,0.36
44.6921,0.2122,0.6113,84510000000000.0,0.259
44.8908,0.2292,0.6936,115080000000000.0,0.194
72.9767,0.1053,0.97,410010000000000.0,0.43
74.7296,0.4892,0.3405,11400000000000.0,0.015
76.7254,2.9522,0.8046,171100000000000.0,0.1475
201.5742,0.2256,0.8402,182580000000000.0,0.0826
353.9046,2.2914,0.6116,97850000000000.0,0.3877
355.2763,0.3147,0.7629,140440000000000.0,0.11
324.2792,0.4467,0.4139,21170000000000.0,0.0509
29.8258,0.5025,0.8273,241750000000000.0,0.386
24.9146,1.3242,0.6087,83070000000000.0,0.255
26.1212,2.2103,0.5286,49440000000000.0,0.166
30.4496,3.7486,0.7187,124180000000000.0,0.165
187.7733,0.6289,0.4084,19810000000000.0,0.0232
189.1308,0.8619,0.4824,39160000000000.0,0.205
190.7063,2.6856,0.3506,12310000000000.0,0.0031
183.3929,2.8992,0.7136,159310000000000.0,0.409
184.4192,3.6625,1.0548,359150000000000.0,0.0766
140.0021,1.04,0.3594,13440000000000.0,0.0175
170.7067,1.1075,0.6583,86900000000000.0,0.072
328.9967,1.1506,0.5526,59770000000000.0,0.219
124.5571,1.3675,0.8336,179240000000000.0,0.0879
37.9879,1.2444,0.4325,23510000000000.0,0.0221
233.7575,1.3469,0.7027,137350000000000.0,0.32
234.1471,1.5556,0.9221,306540000000000.0,0.309
164.5433,1.5864,0.5296,43880000000000.0,0.0398
164.5529,1.6158,0.506,38230000000000.0,0.0385
217.2467,1.7544,0.8068,207900000000000.0,0.32
214.9692,6.5722,0.6604,151630000000000.0,0.5641
214.8479,6.645,0.7329,209620000000000.0,0.574
181.105,1.9006,0.6158,67720000000000.0,0.0199
179.3696,5.0628,0.7567,132630000000000.0,0.077
182.5783,5.385,0.8088,161600000000000.0,0.0748
45.405,1.9197,1.0621,403330000000000.0,0.1712
45.8379,1.9264,1.0301,361050000000000.0,0.153
51.9771,2.5631,0.4311,23460000000000.0,0.0302
310.425,7.3572,0.5429,48380000000000.0,0.0639
64.9075,2.4139,0.6248,70310000000000.0,0.0131
168.3363,2.5322,0.8736,204320000000000.0,0.078
315.9613,4.6258,0.7331,132410000000000.0,0.1694
211.1163,4.3842,0.6837,114550000000000.0,0.23
174.68,3.2592,0.5228,45960000000000.0,0.127
126.045,3.4625,0.6398,106930000000000.0,0.347
341.8729,3.6189,0.6542,97180000000000.0,0.2
326.3104,3.7419,0.7488,151960000000000.0,0.239
326.52,4.3886,0.7357,201470000000000.0,0.531
157.0883,3.7689,0.6668,90410000000000.0,0.073
125.7979,4.3561,0.63,73150000000000.0,0.0293
194.1104,4.67,0.8755,240530000000000.0,0.23
252.7917,4.9961,1.0434,375630000000000.0,0.154
159.8663,5.1794,0.8061,159240000000000.0,0.07
69.76,5.3439,1.0961,460970000000000.0,0.208
130.13,5.7333,0.9742,344340000000000.0,0.2651
44.4121,6.0061,0.6505,80120000000000.0,0.0238
43.9637,9.3133,0.4812,32490000000000.0,0.0258
41.4404,9.61,0.723,124060000000000.0,0.147
75.78,6.1272,0.8472,188170000000000.0,0.088
81.1146,8.3289,0.8739,202560000000000.0,0.068
74.7758,8.7803,0.8303,179850000000000.0,0.1034
229.69,6.2311,0.9979,311800000000000.0,0.1021
229.1833,7.0186,0.9465,249450000000000.0,0.0353
227.8479,6.3189,0.9183,238110000000000.0,0.0817
4.1896,6.7736,0.6787,96290000000000.0,0.0833
350.9125,9.1481,0.9424,290200000000000.0,0.1992
47.8992,7.2381,0.8284,185710000000000.0,0.142
72.0542,9.89,0.9603,292870000000000.0,0.154
69.1796,10.0606,0.9617,295670000000000.0,0.159
72.0017,10.6183,0.7315,121830000000000.0,0.094
143.8704,7.4925,0.9511,318970000000000.0,0.261
146.99,7.5072,0.4552,30380000000000.0,0.128
146.9408,7.6883,0.739,228450000000000.0,0.625
7.2554,7.7033,0.7892,165300000000000.0,0.17
169.3587,7.7264,0.6225,114520000000000.0,0.477
169.3754,7.7772,0.4969,40620000000000.0,0.155
125.2575,7.8661,0.8614,202110000000000.0,0.11
0.0296,8.2744,0.6296,73730000000000.0,0.0396
3.5825,8.9,0.9342,272180000000000.0,0.163
231.1679,9.9597,0.8493,304500000000000.0,0.516
231.0175,10.0539,0.6031,77750000000000.0,0.22
231.2175,10.0883,0.5543,62460000000000.0,0.251
234.4358,12.0058,0.5891,66220000000000.0,0.134
21.2004,9.5414,0.2107,2680000000000.0,0.0079
345.7004,8.7306,0.6558,179260000000000.0,0.722
186.8092,8.9708,0.5517,51920000000000.0,0.0873
175.5258,10.1478,0.6331,80990000000000.0,0.119
175.5692,10.4506,0.5855,63920000000000.0,0.117
175.6642,10.4733,0.4964,41920000000000.0,0.188
175.3063,10.7414,0.7584,137790000000000.0,0.109
136.6142,10.345,0.8909,228850000000000.0,0.1328
132.9908,11.9953,0.4969,38990000000000.0,0.115
134.6042,13.9544,0.6299,120200000000000.0,0.488
355.1333,10.4911,0.8795,231150000000000.0,0.18
165.2038,10.5597,0.5928,61290000000000.0,0.0353
185.7771,10.6239,0.5767,55940000000000.0,0.0258
348.1779,10.725,0.6928,130170000000000.0,0.31
347.7875,11.6317,0.9414,309330000000000.0,0.261
349.8921,12.4367,0.6193,76320000000000.0,0.126
348.4992,14.7439,0.9301,268510000000000.0,0.1627
177.4692,10.7764,0.8009,199510000000000.0,0.303
180.0104,11.4042,0.8293,199440000000000.0,0.207
180.27,12.1586,0.8473,236500000000000.0,0.304
342.5229,11.6169,0.4789,32030000000000.0,0.0255
195.4308,10.9931,0.7098,128300000000000.0,0.231
202.8758,11.1344,0.4059,20640000000000.0,0.085
202.3658,11.7231,0.3884,17040000000000.0,0.0228
202.3837,11.7892,0.5078,38050000000000.0,0.022
201.0496,13.9792,0.4596,28250000000000.0,0.023
200.8758,11.2961,0.8131,166820000000000.0,0.0911
358.925,11.6469,0.7042,106470000000000.0,0.0729
237.31,11.3889,0.8657,231490000000000.0,0.226
241.3842,16.4419,0.5783,57000000000000.0,0.037
245.09,17.3886,0.527,46370000000000.0,0.112
241.1488,17.7244,0.7652,132020000000000.0,0.037
241.7179,17.7811,0.4833,33110000000000.0,0.0321
243.8946,19.46,0.4985,36290000000000.0,0.0308
1.2475,11.7006,0.752,130090000000000.0,0.0761
187.6971,12.3369,0.7508,120920000000000.0,0.0036
189.1192,12.4058,0.4485,27340000000000.0,0.0667
151.7229,12.3933,0.7109,120280000000000.0,0.166
156.4829,12.6853,1.0212,348360000000000.0,0.1434
141.6521,12.7164,0.7527,205310000000000.0,0.489
7.4608,13.5039,0.7442,151100000000000.0,0.251
314.3892,13.5708,0.8193,195670000000000.0,0.2232
46.1258,15.4583,0.6033,67610000000000.0,0.083
46.3821,17.1675,0.812,239040000000000.0,0.4246
46.3258,17.4733,0.7888,219150000000000.0,0.4249
327.8596,13.7978,0.9614,310930000000000.0,0.2076
333.7196,13.8467,0.4765,31540000000000.0,0.0253
17.5229,13.9803,0.5139,40790000000000.0,0.0581
170.7942,14.1611,0.7205,151480000000000.0,0.34
222.775,14.6111,0.9998,327810000000000.0,0.146
223.6167,16.3703,0.5375,46140000000000.0,0.0456
223.245,16.6997,0.6664,87820000000000.0,0.0444
352.2079,14.8867,0.6517,134520000000000.0,0.497
350.4671,15.0431,0.8615,210550000000000.0,0.15
235.2221,14.7594,0.643,120990000000000.0,0.441
231.4771,18.2361,0.9474,273580000000000.0,0.127
129.3558,14.9831,1.3853,1005720000000000.0,0.2793
31.5975,15.1878,0.6254,89410000000000.0,0.248
161.885,15.2328,0.9212,274460000000000.0,0.2108
163.4512,16.8403,0.7962,155770000000000.0,0.0852
345.9429,15.3836,0.8764,245730000000000.0,0.247
145.5604,15.3864,0.9514,288460000000000.0,0.1664
55.3204,15.4075,0.7279,113010000000000.0,0.0311
58.2492,19.6894,0.9922,308430000000000.0,0.1085
188.4808,15.4322,0.8578,228150000000000.0,0.238
189.1004,16.5283,0.761,135030000000000.0,0.078
176.3442,15.4947,0.7118,109330000000000.0,0.067
18.2742,15.5169,0.6309,74490000000000.0,0.0442
193.3117,15.9314,0.6836,120280000000000.0,0.275
191.0067,16.895,0.8486,315920000000000.0,0.549
138.1242,15.9431,0.9037,227690000000000.0,0.0851
133.1371,16.3019,0.5631,55810000000000.0,0.098
136.8429,16.6567,0.6839,97540000000000.0,0.073
139.0288,17.6017,0.4833,33030000000000.0,0.0292
135.1579,20.9161,1.1326,523350000000000.0,0.2347
1.3442,16.2106,0.9218,249290000000000.0,0.1164
3.9829,16.2494,0.679,96380000000000.0,0.083
145.885,16.6672,0.7041,128670000000000.0,0.256
145.9379,16.7369,0.6226,81980000000000.0,0.18
350.8121,18.1897,0.7026,114690000000000.0,0.154
66.5308,16.92,0.882,290840000000000.0,0.38
263.9758,16.9944,0.6893,101130000000000.0,0.0858
171.7483,17.115,0.9094,241900000000000.0,0.127
80.6988,28.1089,0.8711,198680000000000.0,0.058
79.2433,29.4206,0.9826,306140000000000.0,0.13
117.85,17.5131,1.0369,382530000000000.0,0.1894
117.0396,18.5464,0.5603,51990000000000.0,0.04
169.3,17.74,0.6498,106800000000000.0,0.305
169.375,17.7458,0.7386,207780000000000.0,0.547
169.2279,18.0556,0.1606,1180000000000.0,0.0032
141.6696,17.6903,0.8379,187330000000000.0,0.117
140.7833,22.2978,0.4507,26840000000000.0,0.0316
102.345,18.0167,0.8951,216840000000000.0,0.064
227.7763,18.0436,0.8213,176250000000000.0,0.1161
223.6308,18.6419,0.8228,167550000000000.0,0.0586
222.8221,18.6833,0.3895,17520000000000.0,0.0439
223.28,21.8947,0.8188,175120000000000.0,0.1186
224.3162,22.3433,1.1956,631500000000000.0,0.2579
224.0625,22.3533,0.6125,72530000000000.0,0.108
225.0108,22.5681,0.6249,87450000000000.0,0.23
225.2146,22.7447,0.7582,200450000000000.0,0.45
24.9737,18.1686,0.6506,93160000000000.0,0.176
185.2321,18.1756,0.6967,151800000000000.0,0.4294
187.22,19.4078,0.8258,187590000000000.0,0.161
204.895,18.5122,0.719,118020000000000.0,0.114
37.6108,18.6061,0.7952,350430000000000.0,0.799
32.3796,19.7694,0.7629,134470000000000.0,0.0657
35.2854,19.9739,0.8278,260870000000000.0,0.45
351.2492,18.6972,0.7742,161340000000000.0,0.2018
349.6325,18.7053,0.7016,102060000000000.0,0.0403
349.6121,18.7239,0.7033,102680000000000.0,0.0389
42.515,19.1308,0.5676,58540000000000.0,0.122
21.7271,19.2117,0.3413,11770000000000.0,0.0427
17.575,19.6397,0.6045,87150000000000.0,0.317
259.0429,20.3569,0.8879,226010000000000.0,0.1306
176.1521,19.7589,0.9032,213980000000000.0,0.0214
129.63,19.8047,0.6556,90290000000000.0,0.123
186.775,19.8539,1.0381,445020000000000.0,0.3241
238.0508,20.2283,0.6715,98290000000000.0,0.136
236.835,20.9503,0.7244,141670000000000.0,0.266
181.0483,20.3481,0.4781,31860000000000.0,0.0252
25.7108,20.4203,0.7313,146580000000000.0,0.271
172.52,20.4772,0.9131,245400000000000.0,0.129
173.9771,21.5178,0.543,51820000000000.0,0.133
354.0342,20.6231,0.6758,92970000000000.0,0.0601
353.4712,21.6772,0.7881,153600000000000.0,0.1022
354.1742,23.93,0.9588,282840000000000.0,0.1245
209.5083,20.6364,0.5609,53230000000000.0,0.062
344.53,20.9183,0.8457,231050000000000.0,0.288
344.4558,20.9403,0.6358,99170000000000.0,0.297
169.8638,21.1153,0.5368,52230000000000.0,0.174
169.9313,21.4456,0.3278,10620000000000.0,0.061
167.4296,21.7619,0.5399,46150000000000.0,0.0319
9.9,21.2389,0.6292,75170000000000.0,0.0619
10.4462,21.4139,0.8473,190710000000000.0,0.1014
247.77,21.365,0.54,49220000000000.0,0.098
247.4421,21.3986,0.6498,93620000000000.0,0.184
247.5608,24.5803,0.6618,87760000000000.0,0.0655
175.5192,21.75,0.6519,89500000000000.0,0.131
154.5042,21.9097,0.693,120550000000000.0,0.24
197.8842,22.0089,1.1022,499190000000000.0,0.266
197.93,22.0267,0.8139,181580000000000.0,0.1716
162.1904,22.2403,0.5146,40460000000000.0,0.045
181.6167,22.2525,0.5906,62370000000000.0,0.0656
181.2404,22.6167,0.7969,185720000000000.0,0.2519
220.5767,22.3047,0.9083,232340000000000.0,0.0901
215.9492,24.0781,0.99,498040000000000.0,0.543
217.7796,25.6389,0.8833,213800000000000.0,0.0908
216.9921,26.5064,0.3044,8270000000000.0,0.0324
149.9387,22.3933,0.9439,306040000000000.0,0.244
149.5429,23.7819,0.844,197400000000000.0,0.1471
154.1504,24.8083,0.7175,113530000000000.0,0.0811
110.075,23.8156,0.9793,315130000000000.0,0.168
106.7608,27.1064,0.7699,137710000000000.0,0.062
184.4521,22.9211,0.6134,75240000000000.0,0.14
185.5679,25.9944,0.5869,67270000000000.0,0.16
188.2017,26.0942,0.7347,140620000000000.0,0.22
188.9875,27.7117,0.649,116180000000000.0,0.3821
267.9479,23.0706,0.4025,18790000000000.0,0.0132
213.8267,23.1492,0.3305,10920000000000.0,0.064
214.1121,23.2586,0.8168,177280000000000.0,0.138
214.63,25.1797,0.9166,294800000000000.0,0.29
215.7921,26.2556,0.5033,37590000000000.0,0.0375
90.5308,23.1658,0.9422,253210000000000.0,0.0654
98.0058,25.3272,0.8039,158740000000000.0,0.075
179.2408,24.2581,0.9,237460000000000.0,0.1392
37.0942,23.4231,0.7538,166710000000000.0,0.305
187.5592,23.4344,0.7163,130450000000000.0,0.221
189.2371,25.8408,0.6392,88270000000000.0,0.175
189.4108,26.5397,0.5727,70960000000000.0,0.278
170.2429,23.4428,0.7965,265290000000000.0,0.562
170.5846,24.3167,0.4415,25100000000000.0,0.0258
169.0133,24.6886,0.7424,128380000000000.0,0.1021
241.6771,23.4833,0.6558,110400000000000.0,0.31
241.2375,23.9206,0.6815,92890000000000.0,0.0326
240.7592,25.4039,0.8031,160410000000000.0,0.0888
253.5971,23.57,0.6211,71970000000000.0,0.0575
10.9671,24.4019,0.969,280140000000000.0,0.083
310.5292,24.4411,1.0681,382230000000000.0,0.1019
112.37,24.6056,1.0266,360420000000000.0,0.161
129.5429,25.1006,0.4831,32970000000000.0,0.0286
126.5267,26.4297,0.6605,118170000000000.0,0.351
130.7471,29.4761,1.0498,398900000000000.0,0.194
312.1721,25.2531,0.7531,127200000000000.0,0.0482
9.1492,25.7439,0.5493,48690000000000.0,0.0341
7.64,26.3044,0.8112,260370000000000.0,0.5
193.6596,25.7536,0.5514,57760000000000.0,0.193
193.7233,25.8486,0.6151,83680000000000.0,0.233
194.0204,25.9478,0.5807,70340000000000.0,0.232
190.845,27.2756,0.9304,277710000000000.0,0.194
245.255,25.7719,0.8452,201120000000000.0,0.161
245.8979,26.5703,0.8405,265940000000000.0,0.4274
244.5742,29.64,0.9215,302680000000000.0,0.2993
151.6646,25.91,0.8715,210600000000000.0,0.1162
115.3758,25.9628,0.7577,144410000000000.0,0.1577
204.46,26.6469,0.6401,106460000000000.0,0.342
204.6029,26.7444,0.2481,4460000000000.0,0.029
204.2954,26.8256,0.6644,128720000000000.0,0.41
204.7675,27.7567,0.5089,42540000000000.0,0.13
14.7258,26.9506,0.6505,81740000000000.0,0.0451
48.3438,26.4067,0.8493,204870000000000.0,0.1649
184.0829,26.5558,0.7282,173040000000000.0,0.428
185.5079,27.1553,0.7662,212310000000000.0,0.472
183.2458,27.4536,0.8058,177600000000000.0,0.179
181.6558,28.1836,0.5229,41790000000000.0,0.0283
184.6213,30.1961,0.5784,80910000000000.0,0.368
341.2713,26.6303,1.1267,556150000000000.0,0.304
119.5888,26.6792,0.8571,225990000000000.0,0.2315
122.4208,28.1994,0.9213,338910000000000.0,0.399
353.7708,27.37,0.7624,133600000000000.0,0.0613
346.9171,27.27,0.7163,116240000000000.0,0.11
231.4358,28.4281,0.9292,264630000000000.0,0.1515
254.5033,27.8544,0.6223,70790000000000.0,0.0337
181.0133,28.1233,0.8071,175490000000000.0,0.1631
37.04,28.1944,0.6075,65960000000000.0,0.0353
18.2958,28.4711,0.7883,181800000000000.0,0.262
211.5679,28.5144,0.6721,156390000000000.0,0.546
211.7292,28.5711,0.5596,55870000000000.0,0.118
180.7617,28.6039,0.8497,198790000000000.0,0.1341
176.6121,28.9053,0.6604,94770000000000.0,0.149
167.695,28.7061,0.5886,59780000000000.0,0.0314
199.0167,28.9222,0.58,71700000000000.0,0.253
196.9533,29.4297,0.7479,151740000000000.0,0.241
194.9621,31.3467,0.4832,33730000000000.0,0.0523
197.4817,32.3753,0.6058,85090000000000.0,0.29
197.9579,32.4614,0.7715,206270000000000.0,0.43
197.8029,32.4828,0.7984,185420000000000.0,0.245
196.1146,33.5919,0.9806,323190000000000.0,0.1882
118.3508,29.3661,0.7785,142360000000000.0,0.0621
345.0579,29.4419,0.6875,98680000000000.0,0.0688
10.1142,29.5594,0.8527,188720000000000.0,0.0712
90.9567,29.6647,0.6956,98530000000000.0,0.03
215.7946,29.7028,0.7359,147710000000000.0,0.261
202.4142,29.7681,0.3861,17130000000000.0,0.0473
200.0642,33.1417,0.5598,51650000000000.0,0.0362
200.2375,33.9042,0.8971,245860000000000.0,0.182
230.5563,29.8769,0.7029,110600000000000.0,0.117
14.3733,30.2144,0.4721,33710000000000.0,0.123
233.2258,30.3531,1.2608,816270000000000.0,0.345
233.3208,31.1486,0.6722,92130000000000.0,0.0673
126.6238,31.4208,0.5767,67200000000000.0,0.209
276.04,30.4919,0.7753,141970000000000.0,0.072
274.9667,33.1331,0.9233,297850000000000.0,0.2796
136.8246,33.5025,0.5855,95950000000000.0,0.483
139.955,33.7603,0.4459,25790000000000.0,0.023
143.3537,34.0522,0.413,20560000000000.0,0.0269
230.7829,30.845,0.728,117960000000000.0,0.0756
229.4829,31.4597,0.6264,160420000000000.0,0.744
158.7471,30.6944,0.9534,282670000000000.0,0.1407
260.5617,30.7042,0.4957,36340000000000.0,0.05
214.1354,30.7622,0.7922,170010000000000.0,0.186
116.6554,31.0136,0.608,67540000000000.0,0.0579
273.0067,31.2203,0.5661,64640000000000.0,0.2246
30.0688,31.4364,0.4618,28480000000000.0,0.0168
29.3571,32.2239,0.7817,148000000000000.0,0.0894
27.6871,33.09,0.5966,62530000000000.0,0.0363
186.1675,31.9864,0.5928,62910000000000.0,0.063
186.3,32.2292,0.6975,102130000000000.0,0.0594
16.7458,32.1583,0.6138,73260000000000.0,0.112
16.8679,32.4619,0.5159,39720000000000.0,0.017
18.0721,33.0383,0.7658,144140000000000.0,0.1249
17.7421,33.1494,0.4205,21530000000000.0,0.0177
16.2792,33.1897,0.7844,148190000000000.0,0.08
17.925,33.4531,0.8519,196960000000000.0,0.1173
107.9483,32.3189,0.8657,196730000000000.0,0.0672
254.7592,32.4875,0.4652,30380000000000.0,0.0621
254.9367,32.6136,0.8673,204540000000000.0,0.1013
244.7671,32.5117,0.7098,134470000000000.0,0.274
240.0946,33.2217,0.7962,156160000000000.0,0.088
243.5479,34.4236,0.7133,135730000000000.0,0.269
238.5733,32.6278,0.6829,97310000000000.0,0.075
150.6608,32.6994,0.6815,94400000000000.0,0.0499
150.7671,32.9078,0.9874,425510000000000.0,0.4161
190.3883,32.8397,0.8704,282840000000000.0,0.39
162.4367,33.1439,0.5695,66190000000000.0,0.23
164.4325,37.635,0.446,26100000000000.0,0.0353
6.1325,33.2086,0.9834,339390000000000.0,0.226
20.9208,33.2611,0.5955,61060000000000.0,0.0164
20.8008,33.4611,0.5007,36240000000000.0,0.0146
329.1025,33.3103,0.9627,273400000000000.0,0.078
255.6329,33.5131,0.7385,124160000000000.0,0.0843
255.3658,34.0097,0.5591,54500000000000.0,0.096
254.9358,34.1714,0.643,107760000000000.0,0.341
254.6408,34.5022,0.8067,210190000000000.0,0.33
228.1554,34.86,0.7994,168070000000000.0,0.1489
228.5921,36.6061,0.8982,304380000000000.0,0.372
172.8433,33.5817,0.959,313080000000000.0,0.2212
170.7079,34.1233,0.5081,38860000000000.0,0.043
165.9046,35.9217,0.6485,184730000000000.0,0.775
166.125,36.0056,0.6357,124870000000000.0,0.497
358.9571,34.3858,0.871,217190000000000.0,0.148
316.5679,34.4403,0.785,149550000000000.0,0.087
203.5992,34.6911,0.4423,25200000000000.0,0.024
131.7971,34.8211,0.7216,196830000000000.0,0.56
132.2979,37.5231,0.6324,91650000000000.0,0.24
134.0354,37.9478,1.121,618860000000000.0,0.4107
244.3633,34.9367,0.6127,67440000000000.0,0.0315
245.3529,38.1694,1.01,481100000000000.0,0.463
265.1363,35.6475,0.6757,91410000000000.0,0.0428
182.7583,35.3325,0.8232,181470000000000.0,0.138
193.8779,35.3603,0.7546,142780000000000.0,0.1585
198.0808,39.0161,0.7979,221380000000000.0,0.404
198.5613,41.3928,0.879,235930000000000.0,0.2011
291.3429,37.0969,1.1999,679320000000000.0,0.314
239.4383,35.5039,0.9343,269980000000000.0,0.1549
259.4,36.4636,0.8223,187130000000000.0,0.1709
258.9688,36.9372,0.3668,15320000000000.0,0.091
45.4558,35.835,0.6754,91590000000000.0,0.0464
28.245,37.5353,1.0493,446820000000000.0,0.2993
213.7962,36.2008,0.7158,227110000000000.0,0.7
286.055,36.4467,0.739,123660000000000.0,0.078
172.5075,36.6303,0.6447,80690000000000.0,0.06
171.3458,38.9017,0.6258,126530000000000.0,0.5477
171.1958,38.9953,0.5948,81600000000000.0,0.3014
333.9246,37.305,0.5494,48050000000000.0,0.019
178.1492,37.5461,0.7414,146030000000000.0,0.23
142.1575,37.7986,0.9516,314640000000000.0,0.2472
216.2692,37.9711,0.5976,71230000000000.0,0.163
203.7654,37.8333,0.5189,59380000000000.0,0.382
203.6433,37.9494,0.4363,32450000000000.0,0.308
204.1754,38.6256,0.4878,39430000000000.0,0.18
204.7092,38.855,0.839,215370000000000.0,0.246
155.5196,38.5119,0.6174,70130000000000.0,0.0491
155.1892,38.5244,0.4763,32320000000000.0,0.053
156.795,39.135,0.8633,259960000000000.0,0.338
155.0667,39.2294,0.4995,40880000000000.0,0.1463
154.905,39.3422,0.5977,89820000000000.0,0.373
155.1271,39.3797,0.4667,33230000000000.0,0.143
119.2317,38.65,0.8951,254320000000000.0,0.2203
116.2192,39.4572,1.04,694000000000000.0,0.697
145.2517,38.7186,0.5651,68850000000000.0,0.287
149.0121,41.1189,0.7527,230700000000000.0,0.587
265.7013,39.0097,0.6394,77430000000000.0,0.0423
206.0762,39.1119,0.8619,247740000000000.0,0.2997
205.225,39.9744,0.673,102400000000000.0,0.169
205.14,40.2961,0.5803,65760000000000.0,0.171
205.7046,40.4697,0.6586,176700000000000.0,0.699
205.8542,40.8872,0.5166,44950000000000.0,0.14
182.8171,39.1947,0.803,209730000000000.0,0.34
181.3021,39.3494,0.7047,103220000000000.0,0.0381
135.02,39.34,0.5497,51760000000000.0,0.0951
114.1058,39.4333,1.0128,331050000000000.0,0.1177
111.5021,41.3822,0.8697,208460000000000.0,0.112
18.0358,39.4544,0.6825,111270000000000.0,0.208
250.6621,39.5981,0.6525,114420000000000.0,0.355
250.4679,40.0247,0.8338,270950000000000.0,0.464
253.2317,40.1536,0.9139,251160000000000.0,0.1492
253.1658,40.1931,0.8955,236060000000000.0,0.1481
257.7617,39.6942,0.6956,101820000000000.0,0.0647
260.725,41.0917,0.7709,179160000000000.0,0.309
258.5775,43.6897,0.4753,31360000000000.0,0.0276
159.88,39.7939,0.4839,35220000000000.0,0.0926
158.0617,40.2647,0.8233,171190000000000.0,0.079
159.5079,41.7772,0.5785,62140000000000.0,0.125
188.7771,41.2956,0.6782,106990000000000.0,0.189
187.94,41.6197,0.6541,94690000000000.0,0.176
215.9683,40.2619,0.712,111050000000000.0,0.0822
168.4525,40.2886,0.5683,56330000000000.0,0.0795
167.3283,41.5625,0.7806,145500000000000.0,0.0763
299.8763,40.7364,1.1203,421850000000000.0,0.0561
246.9175,40.9197,0.5093,38680000000000.0,0.0301
246.8483,42.6783,0.5059,37960000000000.0,0.0317
155.775,41.4131,0.5635,64270000000000.0,0.232
150.1271,44.1544,0.9169,254950000000000.0,0.154
29.2825,41.34,0.8328,177530000000000.0,0.081
49.9467,41.5131,1.2856,615080000000000.0,0.0179
171.1521,41.9319,0.7245,131250000000000.0,0.195
172.2258,42.8667,0.7369,175860000000000.0,0.411
171.9392,43.1631,0.7234,153990000000000.0,0.344
170.0321,43.3019,0.8519,339680000000000.0,0.6
100.8538,42.245,1.1059,419750000000000.0,0.091
122.6008,42.2719,0.6962,102010000000000.0,0.064
121.4304,45.6903,0.8076,170850000000000.0,0.1353
228.8871,43.7764,0.6258,79650000000000.0,0.137
228.9033,43.8472,0.596,76940000000000.0,0.243
179.1942,42.6356,0.7516,143380000000000.0,0.174
175.8762,46.3844,1.0344,352380000000000.0,0.1167
217.2742,42.6867,0.6334,204350000000000.0,0.92
267.3404,42.7622,0.8953,257050000000000.0,0.2296
270.6812,42.7961,0.5231,42710000000000.0,0.0502
104.2529,42.7803,0.8409,190880000000000.0,0.125
137.6654,42.8114,0.6717,161770000000000.0,0.576
140.305,45.4789,0.7481,164800000000000.0,0.315
140.2858,45.6436,0.8652,218810000000000.0,0.1745
91.165,42.9528,0.9708,291670000000000.0,0.118
349.6637,42.9658,0.5969,61520000000000.0,0.0174
352.6658,45.9372,1.0829,461040000000000.0,0.242
131.2363,42.9817,0.5393,46960000000000.0,0.0541
132.2346,44.8711,0.4889,138680000000000.0,1.261
132.1983,44.9392,0.5645,95800000000000.0,0.574
276.0792,43.1636,0.84,284690000000000.0,0.487
214.1171,44.7772,0.8681,283850000000000.0,0.4
263.2608,43.7628,0.6644,85930000000000.0,0.0307
181.3875,44.3192,0.5918,83780000000000.0,0.3384
181.5279,44.3244,0.5676,70380000000000.0,0.2946
181.4658,44.4872,0.6694,163240000000000.0,0.5921
184.4321,47.4872,0.8628,240490000000000.0,0.27
253.0679,44.8203,0.9606,299710000000000.0,0.1753
72.5146,45.0242,0.8664,188970000000000.0,0.022
281.0075,45.5567,0.7985,158130000000000.0,0.0918
97.2908,46.1011,0.8926,229240000000000.0,0.129
121.0917,46.7822,0.8657,222050000000000.0,0.1868
145.7796,46.9975,0.9682,396980000000000.0,0.4069
149.58,47.0381,0.8066,225020000000000.0,0.39
156.2742,47.8372,0.5204,42130000000000.0,0.052
125.5404,47.1,1.0419,365080000000000.0,0.1303
194.1642,47.2553,0.5984,93390000000000.0,0.404
138.2587,47.7058,0.664,87390000000000.0,0.051
130.72,50.3878,0.6153,103800000000000.0,0.423
170.3975,48.0628,0.8208,175220000000000.0,0.112
163.4338,49.4989,0.9248,257850000000000.0,0.14
164.0525,49.5531,0.5845,69240000000000.0,0.199
230.2271,48.6694,0.94,262050000000000.0,0.1076
214.7475,49.0503,1.019,400820000000000.0,0.2806
215.3979,49.5519,0.8214,168740000000000.0,0.0716
173.7104,49.0578,0.5392,46080000000000.0,0.0341
243.54,49.1531,0.64,78800000000000.0,0.0579
240.3475,53.9061,0.8822,216430000000000.0,0.1068
185.3542,49.3019,0.7933,309160000000000.0,0.7
207.2508,49.3092,0.7333,132180000000000.0,0.167
203.585,50.5181,0.7786,265590000000000.0,0.62
153.7854,49.5256,0.6695,127690000000000.0,0.383
153.4042,49.5514,0.6512,89370000000000.0,0.133
155.2467,51.5486,0.6191,116000000000000.0,0.5019
136.9621,49.6067,0.5127,39650000000000.0,0.0352
117.8438,50.2125,0.5245,41970000000000.0,0.0228
119.9283,54.0017,0.861,200520000000000.0,0.1032
280.9129,50.3636,0.8093,168580000000000.0,0.1158
250.8042,51.2497,0.9095,260770000000000.0,0.199
254.5208,52.9014,0.7325,184070000000000.0,0.4655
254.4517,53.0292,0.7395,192440000000000.0,0.479
252.3008,53.4175,0.4702,30400000000000.0,0.029
33.5675,51.7467,0.7789,140830000000000.0,0.0489
197.1371,53.7042,0.7062,141010000000000.0,0.33
152.8458,53.5631,0.5994,92370000000000.0,0.39
152.7713,53.6575,0.5536,67860000000000.0,0.329
152.1992,53.7008,0.6451,204010000000000.0,0.872
152.7508,53.9683,0.6413,110790000000000.0,0.372
152.5667,54.4883,0.5145,40500000000000.0,0.047
152.5658,54.5033,0.3736,15480000000000.0,0.045
152.8558,54.835,0.7096,137400000000000.0,0.294
149.5542,55.2683,0.7732,162860000000000.0,0.214
268.3742,52.0919,0.6789,97850000000000.0,0.0988
267.4225,53.5794,0.6959,104590000000000.0,0.0909
212.8517,52.2106,0.9912,453060000000000.0,0.4599
340.7208,53.0181,1.0525,401160000000000.0,0.192
90.5062,53.2633,0.7205,111670000000000.0,0.051
109.1775,53.4078,0.7148,110430000000000.0,0.0644
141.795,53.45,1.019,369240000000000.0,0.2052
236.0208,53.7742,0.4455,28020000000000.0,0.112
228.5563,55.4642,0.6158,110630000000000.0,0.4753
228.73,55.6911,0.7039,182480000000000.0,0.559
249.9808,53.7986,0.756,136780000000000.0,0.111
203.1671,54.3206,0.7811,149440000000000.0,0.1017
162.2612,54.4,0.5849,73370000000000.0,0.251
163.4329,54.8722,0.7321,119370000000000.0,0.0704
168.8867,54.435,0.7014,104840000000000.0,0.0691
191.8425,55.0108,0.6931,102540000000000.0,0.083
219.2429,55.1292,0.5751,61070000000000.0,0.125
179.5488,55.3625,0.422,24370000000000.0,0.135
179.9629,55.5322,0.6019,67000000000000.0,0.0808
176.8363,55.7433,0.6206,71380000000000.0,0.051
115.2475,55.4319,0.7601,129020000000000.0,0.034
205.9387,55.6392,0.6125,70320000000000.0,0.0766
205.8658,55.7819,0.432,24440000000000.0,0.0673
152.7425,55.9625,0.4699,34910000000000.0,0.171
173.0817,55.9789,0.6838,95610000000000.0,0.0527
303.8279,56.1592,0.7996,157250000000000.0,0.082
299.3079,57.8536,0.8175,169060000000000.0,0.088
124.9779,56.5775,0.7481,155050000000000.0,0.26
125.1108,56.7575,0.3727,15340000000000.0,0.0429
124.7408,56.9094,0.6034,81350000000000.0,0.26
260.8467,56.9783,0.4279,22870000000000.0,0.0272
275.9308,56.9739,0.5385,49150000000000.0,0.105
158.4658,57.0531,0.3505,12800000000000.0,0.0463
159.0471,57.2253,0.6329,88250000000000.0,0.203
163.3267,57.3464,0.4937,48740000000000.0,0.34
248.4167,57.2436,0.4749,38750000000000.0,0.239
255.7892,59.6478,0.4867,39260000000000.0,0.1822
180.5571,57.8647,0.7442,248280000000000.0,0.677
133.3058,57.9956,0.7764,221690000000000.0,0.475
137.5671,60.2047,0.5768,65270000000000.0,0.181
202.7463,58.2489,0.6832,124840000000000.0,0.31
168.5992,58.3897,1.02,370850000000000.0,0.2065
202.4925,58.5692,0.6114,88680000000000.0,0.302
253.6946,58.9017,0.7017,106780000000000.0,0.0869
207.7096,60.1256,0.7246,264190000000000.0,0.796
114.4225,59.3403,0.4697,30580000000000.0,0.0384
173.5592,59.8764,0.602,83500000000000.0,0.29
144.2758,61.2828,0.5371,54000000000000.0,0.204
276.8167,61.5814,0.7209,117460000000000.0,0.1014
279.5525,63.3506,0.7239,134020000000000.0,0.2167
209.8921,62.3169,0.8713,265470000000000.0,0.332
209.3308,62.545,0.7813,239640000000000.0,0.525
164.71,62.3983,0.6421,110970000000000.0,0.37
186.5921,62.4106,0.7096,154640000000000.0,0.398
186.9604,63.3831,0.8638,211300000000000.0,0.1454
273.2979,62.5092,0.5711,63470000000000.0,0.1829
268.9563,62.6136,0.4738,31040000000000.0,0.0266
268.9854,63.2342,0.7084,151590000000000.0,0.385
270.725,63.6528,0.3693,15630000000000.0,0.0907
273.035,63.8931,0.7406,207960000000000.0,0.5408
271.8846,64.4881,0.5465,59060000000000.0,0.2391
272.8296,64.7933,0.6937,153730000000000.0,0.451
268.5221,64.8669,0.5443,58810000000000.0,0.246
268.8329,65.0819,0.4016,19980000000000.0,0.0846
269.74,65.3494,0.5425,66540000000000.0,0.3652
271.7329,65.6197,0.822,206340000000000.0,0.263
272.1817,65.9514,0.5246,52660000000000.0,0.246
202.8792,62.64,0.6664,104810000000000.0,0.219
201.3121,65.8414,0.5408,53730000000000.0,0.18
135.2983,62.6561,0.7182,114850000000000.0,0.09
193.27,62.8028,0.6873,116960000000000.0,0.235
123.9992,62.8858,0.7477,164010000000000.0,0.312
124.9129,63.61,0.9026,234680000000000.0,0.119
221.0271,63.7483,0.6931,128620000000000.0,0.298
265.8671,63.6942,0.8415,237790000000000.0,0.327
266.89,63.7319,0.6699,120090000000000.0,0.328
279.1271,63.7481,0.7483,129090000000000.0,0.0834
278.4358,65.3603,0.6339,84940000000000.0,0.1621
275.6558,66.6914,0.4363,25710000000000.0,0.0888
239.7917,63.885,0.6639,216650000000000.0,0.85
235.0421,66.1883,0.7458,151120000000000.0,0.245
263.7725,64.1014,0.8271,184530000000000.0,0.1406
259.1654,64.1764,0.7108,131610000000000.0,0.2507
265.8471,64.6717,0.672,103010000000000.0,0.179
255.5554,64.3333,0.5301,53050000000000.0,0.224
255.4421,64.3542,0.4678,36300000000000.0,0.22
164.9975,64.3522,0.5436,55260000000000.0,0.192
130.2808,64.3781,0.7908,200970000000000.0,0.343
219.7108,64.3942,0.6071,73370000000000.0,0.146
146.0075,64.4117,0.8006,163890000000000.0,0.12
149.4717,65.575,0.6842,161920000000000.0,0.53
269.1292,65.2169,0.2847,6740000000000.0,0.0284
268.05,65.3728,0.5895,88090000000000.0,0.3923
267.7858,65.5331,0.4032,19430000000000.0,0.0428
266.3175,65.9381,0.6303,138910000000000.0,0.608
268.6904,66.3981,0.4353,25510000000000.0,0.0879
269.3325,66.5275,0.5621,108790000000000.0,0.6909
266.6875,66.6556,0.6226,103070000000000.0,0.3864
267.9108,67.3219,0.5821,61350000000000.0,0.0933
271.065,67.4892,0.2957,7800000000000.0,0.0617
265.695,67.5981,0.4182,21650000000000.0,0.042
274.9533,67.8133,0.5786,68330000000000.0,0.2153
268.9396,67.8783,0.5947,64770000000000.0,0.0833
264.0921,68.0572,0.4347,23920000000000.0,0.0248
271.5275,68.2189,0.6896,127360000000000.0,0.303
267.4575,68.3875,0.3409,11820000000000.0,0.0508
274.4421,68.4067,0.8809,259340000000000.0,0.282
275.4087,68.4644,0.6661,210040000000000.0,0.8156
266.6375,68.8139,0.5845,77910000000000.0,0.307
266.5792,68.8306,0.6065,77670000000000.0,0.203
275.0446,68.9556,0.7036,107670000000000.0,0.087
269.8229,69.0389,0.4361,25950000000000.0,0.0994
268.6458,69.0828,0.6286,122810000000000.0,0.5113
274.7921,69.1608,0.675,107290000000000.0,0.205
274.135,69.1928,0.5723,65730000000000.0,0.2097
270.1283,69.2236,0.6875,99970000000000.0,0.0823
273.5738,69.6594,0.6082,69510000000000.0,0.0863
271.8671,69.7728,0.4574,29780000000000.0,0.0941
274.285,70.4036,0.4617,30400000000000.0,0.0859
271.6037,70.4778,0.5306,46650000000000.0,0.0971
291.8758,65.8322,0.8762,230640000000000.0,0.1886
175.0996,66.1386,0.6865,221590000000000.0,0.7843
170.5604,67.2128,0.5269,43880000000000.0,0.056
176.1675,67.41,0.9197,247470000000000.0,0.1159
180.0321,68.1519,0.7781,175400000000000.0,0.265
235.295,66.4417,0.7275,140270000000000.0,0.245
111.23,66.9786,0.7326,121470000000000.0,0.0863
156.08,68.0822,0.7769,162920000000000.0,0.201
150.5321,68.98,0.7786,230240000000000.0,0.5
261.1971,67.2692,0.5741,69620000000000.0,0.254
260.3525,67.5539,0.4013,19950000000000.0,0.0861
254.9042,68.4375,0.5536,50620000000000.0,0.0504
243.6037,68.4281,0.4451,28400000000000.0,0.128
278.0554,68.5406,0.6183,81860000000000.0,0.1981
278.1442,68.8033,1.036,387950000000000.0,0.205
283.5275,68.9714,0.9294,291370000000000.0,0.2415
277.2654,69.2306,0.8418,208290000000000.0,0.2057
279.8225,70.3056,0.6084,80670000000000.0,0.2297
208.7046,69.2889,0.5191,48900000000000.0,0.207
194.3338,69.5064,0.92,278160000000000.0,0.227
184.3108,69.6697,0.432,25420000000000.0,0.107
148.4358,69.7914,0.6224,84940000000000.0,0.214
147.5321,70.5661,0.7086,124770000000000.0,0.21
148.4,70.9081,0.837,200270000000000.0,0.185
232.0154,69.9422,0.8125,170240000000000.0,0.1136
261.0667,69.9456,0.324,10040000000000.0,0.0386
261.0483,70.0075,0.3189,9570000000000.0,0.0386
267.8779,70.2256,0.6964,163300000000000.0,0.4925
267.2646,70.245,0.7956,269830000000000.0,0.579
267.1733,70.3419,0.6627,118520000000000.0,0.345
262.1646,70.6847,0.82,285690000000000.0,0.5509
262.6208,74.375,0.7198,117910000000000.0,0.11
262.2529,74.6778,0.6321,88850000000000.0,0.213
114.7463,69.9472,0.6403,83600000000000.0,0.117
130.4308,70.7814,0.5698,66670000000000.0,0.235
124.8442,70.9133,0.5774,68680000000000.0,0.226
278.5392,70.9578,0.7006,105830000000000.0,0.0824
110.2242,71.1492,0.6522,99410000000000.0,0.23
191.5217,70.9644,0.9124,270770000000000.0,0.225
110.0742,71.5364,0.6532,104130000000000.0,0.268
107.0317,71.8569,0.8015,162040000000000.0,0.1053
345.6879,71.6206,1.0162,343830000000000.0,0.145
241.3821,72.1467,0.836,189170000000000.0,0.1332
173.4875,75.1161,0.7682,145120000000000.0,0.122
185.0721,75.37,0.2237,3210000000000.0,0.0059
185.5292,75.4381,0.6254,88610000000000.0,0.24
172.0054,75.4903,0.8679,218650000000000.0,0.165
186.0729,75.5275,0.1497,960000000000.0,0.0056
140.0942,73.8367,0.781,154160000000000.0,0.133
292.5479,74.0597,0.6361,98630000000000.0,0.291
295.4292,77.1625,0.2933,7510000000000.0,0.048
302.4758,77.7417,0.6769,126470000000000.0,0.3461
300.66,77.8961,0.8479,249430000000000.0,0.3492
124.1283,74.4039,0.7443,156440000000000.0,0.282
142.0204,74.7828,0.8152,173720000000000.0,0.124
144.5667,75.8872,0.7553,141960000000000.0,0.1503
17.0046,75.9778,0.9304,251210000000000.0,0.096
259.5425,78.0219,0.7161,110410000000000.0,0.0584
286.4329,78.0831,1.0176,343700000000000.0,0.1405
280.8779,79.8325,0.4249,22910000000000.0,0.051
112.4421,79.2536,0.7411,128190000000000.0,0.1058
177.9179,81.0772,0.5136,51850000000000.0,0.29
145.5883,81.1858,0.8016,265050000000000.0,0.545
250.2958,82.5406,0.8446,210420000000000.0,0.206
8.9971,85.2214,0.6659,213970000000000.0,0.8317
11.5808,85.5158,0.7739,262120000000000.0,0.6241
