RA,DEC,GLON,GLAT,M500,R500,REDMAPPER,MCXC,Z
291.3596104116613,-36.517943550953035,2.045798518391053,-22.15216562825333,0.0,1.9277788400650024,,,
292.01476819114833,-35.87609336413605,2.8827172660800113,-22.455397958259283,0.0,1.9426833391189575,,,
358.35121492947206,-33.29324444565804,3.2102390691077103,-76.0471306479142,0.0,1.0358397960662842,,,
350.53751949516834,-34.57521351135824,6.165209636383126,-69.4967470074402,0.0,1.3319021463394165,,,
318.17957903525536,-36.08439707479425,7.671855135958613,-43.18767201831304,0.0,1.7179193496704102,,,
304.2413268782846,-33.32638003469048,8.707799466772673,-31.442067567855204,0.0,3.311037063598633,,,
244.58601314380869,-4.189299423318617,9.047733881236097,31.09703599407866,0.0,2.331486940383911,,,
288.94238147627686,-26.994796945452578,10.768694811495543,-16.918422059734766,0.0,2.8041040897369385,,,
354.05385028252704,-32.13431322927361,11.369055192336305,-72.93141281067716,0.0,2.3239922523498535,,,
342.97603694410446,-33.39418142720743,11.922149977332344,-63.53799838894335,0.0,1.1236270666122437,,,
356.85261337200467,-31.150862430219583,13.063603098663991,-75.46759891088129,0.0,1.7454845905303955,,,
341.6334404145062,-32.20111554323177,14.721112093134966,-62.496370223872844,0.0,2.6306724548339844,,,
351.1688846581034,-30.65106965899271,17.25728471582303,-70.71674355868564,0.0,1.1215441226959229,,,
328.7492675027851,-30.13246735779467,17.72620230079388,-51.4041786207047,0.0,2.324930191040039,,,
311.99570839284434,-27.019505898211307,18.066878298153814,-36.38288342057284,0.0,1.05417799949646,,,
5.254294922676838,-28.621724038644654,18.645026490638713,-83.11475085385493,0.0,0.9148041009902954,,,
290.7770613647855,-19.39917647526413,18.733981166841666,-15.491083277931352,0.0,1.1040594577789307,,,
340.6369626168417,-30.31504625637989,18.761895282854137,-61.65730280702573,0.0,1.5450687408447266,,,
309.27813172189326,-25.592982941711508,18.925443054383774,-33.6488761229315,0.0,2.209817886352539,,,
313.0083369859018,-25.482615900188545,20.214252207165387,-36.84774609548391,0.0,1.0923011302947998,,,
324.4985052749286,-27.727017922048518,20.495118123572773,-47.35704398268069,0.0,1.3524911403656006,,,
305.10248379064075,-22.44790203972058,21.0295735959371,-29.043872478150817,0.0,1.2721422910690308,,,
262.15230146131677,-1.2175533501491103,22.03085620353039,17.754108078887995,0.0,3.257272958755493,,,
260.19544051854706,0.9684971900822598,23.055625245508455,20.523696733096386,0.0,1.548865795135498,,,
291.39601420243486,-14.2055305184567,23.876707907875154,-13.88471112574787,0.0,2.074561834335327,,,
295.5950787598223,-15.435756024383723,24.46384748049345,-18.088550006605487,0.0,4.716490268707275,,,
319.03940793059814,-23.19402521184155,25.02090631192355,-41.49117382270205,0.0,1.4361870288848877,,,
0.09024612288385998,-28.10026277448705,25.073016246948868,-78.64893471431864,0.0,2.446831226348877,,,
324.6775049640849,-23.984932874356705,25.899679474169197,-46.679762424582236,0.0,2.407705783843994,,,
303.427767907946,-17.02519961341766,26.09056868864151,-25.625029448528892,0.0,1.971587061882019,,,
337.6571827357,-26.266352311568042,26.340177156763538,-58.64204645391587,0.0,0.8505303263664246,,,
266.2912276558384,2.2181935107391806,27.238720985477272,15.738385758442845,0.0,1.4336711168289185,,,
259.1370903099557,5.964182524251815,27.288552338114393,23.79646535630546,0.0,2.6844685077667236,,,
266.66116492471764,2.191050648618064,27.391409864372907,15.398160375506166,0.0,1.0663954019546509,,,
270.8407059048534,0.4326642155935166,27.777385369098976,10.88055489293383,0.0,4.8391618728637695,,,
328.246440303994,-23.552286428276012,27.77813855644142,-49.727574588595786,0.0,1.0813380479812622,,,
324.28750328026086,-22.513255393364393,27.81259649131446,-45.93922741697119,0.0,4.550357341766357,,,
266.7671927157378,2.7115199943368182,27.92118836470307,15.54450400866287,0.0,3.0834999084472656,,,
350.20879691452325,-27.02998024640516,27.998116785324925,-69.85962129766463,0.0,7.130222797393799,,,
288.421636691013,-8.140585426291077,28.1585667116558,-8.624712439790073,0.0,1.977449893951416,,,
339.6533438672872,-24.936306218965722,29.558651086132755,-60.16784241260501,0.0,1.84827721118927,,,
326.4342608419447,-21.780223996771788,29.668919194683674,-47.63506240832231,0.0,1.248387098312378,,,
297.1337387732155,-10.527757259530315,29.80359542814715,-17.401058417188437,0.0,9.323161125183105,,,
297.54584132511513,-10.641856809205924,29.877003887525017,-17.81605373217974,0.0,6.162222385406494,,,
296.91301939542495,-9.92821246115799,30.272805420465534,-16.947545986355706,0.0,2.6881518363952637,,,
273.441656572457,2.331401524627774,30.704001378144874,9.44262615681717,0.0,7.765683174133301,,,
352.6812052086401,-26.171285973667153,31.37471227776739,-71.95926735406715,0.0,1.44415283203125,,,
299.41897625053207,-9.898972404877552,31.416916126243976,-19.16372880579057,0.0,2.179144859313965,,,
295.8916172146357,-7.462413943523269,32.12320953455412,-14.963970258924789,0.0,8.037818908691406,,,
323.6921253499701,-19.130693313849893,32.131231591734306,-44.364437578974645,0.0,0.8931077122688293,,,
219.29791383212955,24.389237526076705,32.31695231294282,66.07584549246079,0.0,1.96291983127594,,,
265.12248439214414,8.711237937312733,32.77860661348125,19.698240751837105,0.0,2.4167120456695557,,,
298.7166444641409,-7.603083209256164,33.2770532246655,-17.540123743317764,0.0,2.3471992015838623,,,
326.31521200634114,-18.75551466167219,33.832997129105074,-46.57181811493936,0.0,0.9014668464660645,,,
341.7593231848669,-22.228248068959232,35.894683625520635,-61.3936680261433,0.0,7.506640434265137,,,
299.8263339044297,-5.148347537018638,36.096263905537185,-17.432663578812225,0.0,3.9810492992401123,,,
269.98445342766314,10.196411133014687,36.364401839295205,16.015623136853662,0.0,2.370387077331543,,,
298.5192032811,-3.839686007538345,36.696024598972244,-15.677629404542742,0.0,1.2938154935836792,,,
299.29892897187597,-4.1504136518832295,36.77696052106049,-16.51161031186213,0.0,2.363274097442627,,,
297.9201624735181,-3.4116348884576837,36.80804785153856,-14.950328055885493,0.0,3.6186835765838623,,,
299.29833199026746,-3.6387063015862107,37.25128468554264,-16.277547891488084,0.0,2.070435047149658,,,
304.0323133608855,-5.984018272715995,37.31061526577375,-21.545089750663863,0.0,1.0130285024642944,,,
270.8099351314955,11.2055219269084,37.67369787676787,15.715484134155787,0.0,4.04128885269165,,,
268.9272196340413,14.361966503551303,39.869034427408565,18.704959061414556,0.0,2.191699981689453,,,
324.2706321027025,-13.096334776037263,40.11857586144795,-42.58622485331895,0.0,2.75917911529541,,,
270.64339981012023,16.401395339420038,42.54149716636308,18.02374675448992,0.0,1.245343804359436,,,
324.1836114621581,-10.296616587968675,43.448390054880754,-41.27817353387803,0.0,1.5370190143585205,,,
235.75445710109628,27.83331009867942,44.21859810362348,52.13655152078695,0.0,1.7497841119766235,,,
279.16410703375215,15.080479214639187,44.83896246708311,10.02172915900644,0.0,4.635301113128662,,,
274.0145936855048,17.762165091870656,45.20652568217276,15.630154580854821,0.0,1.5236146450042725,,,
272.0322170335066,18.87429080234429,45.479780300075205,17.800358678010852,0.0,1.4677708148956299,,,
296.3535002875337,7.074746046827916,45.503896295151115,-8.622944966850852,0.0,1.625592589378357,,,
312.53488290859957,-1.5905274881760787,45.96010386839485,-26.943206817778375,0.0,1.7313364744186401,,,
295.1839417509767,8.686048414447153,46.36248055373826,-6.830021354261518,0.0,2.027041435241699,,,
278.24918269491883,17.192043925947235,46.39978705093067,11.719283884753906,0.0,0.8619508743286133,,,
281.7441111655013,16.843164436863752,47.53878178482753,8.551807391068351,0.0,2.2922353744506836,,,
304.8894449753626,5.482946455199904,48.396783083779674,-16.78197080108025,0.0,1.1919037103652954,,,
255.53505095184119,27.14668093663736,48.471117809456004,34.86036937327176,0.0,4.896670818328857,,,
344.74631106122865,-15.608138412115402,50.98181945563372,-61.48889662073384,0.0,1.2628509998321533,,,
344.5480213581792,-15.272428632875997,51.40373362344317,-61.15988911113831,0.0,5.929797172546387,,,
318.39885358620904,0.5196466802028462,51.48588741638066,-30.874527100254312,0.0,0.969870388507843,,,
243.4439271761539,32.08138202423282,52.08751438413748,46.135504036897196,0.0,1.4940565824508667,,,
282.3867611914249,22.454050604781397,52.93643877398512,10.424843862025014,0.0,3.136215925216675,,,
254.90079043007862,31.743189933450076,53.80473663959999,36.494155853574355,0.0,1.7578189373016357,,,
270.38452136966464,30.39615085499256,56.3839082777506,23.36209264584933,0.0,0.905335009098053,,,
283.5194099466704,26.482997949644513,57.09691343430744,11.195825528717478,0.0,1.9249039888381958,,,
301.6444231618769,18.311570779255526,57.926950464094034,-7.401174998536476,0.0,3.735572099685669,,,
249.05078322642322,36.05541120099599,58.31337922730553,41.96894853858149,0.0,1.1962262392044067,,,
323.8823278761137,3.881770214204497,58.42109907902424,-33.500432200381695,0.0,5.429806709289551,,,
279.3393413670553,30.66419290223453,59.52591823936152,16.23382719026806,0.0,1.6036841869354248,,,
281.1949273689561,30.246773570848188,59.7679865687168,14.597278109582192,0.0,2.6764938831329346,,,
281.1498973710857,35.697026558722094,64.98369017868694,16.716052206049298,0.0,1.3411184549331665,,,
306.5168037315082,24.135200412826514,65.35202299058808,-8.016336034795813,0.0,2.5100836753845215,,,
270.30783666297003,39.85458376748758,66.34148418905237,26.147934173309558,0.0,1.0621918439865112,,,
346.8558241121978,-7.542316308019296,66.5947610491637,-58.519977313069376,0.0,1.0645753145217896,,,
307.7695686950107,25.044757699671752,66.76462012853969,-8.429011778960003,0.0,1.8731663227081299,,,
275.0416030088611,39.298492988532765,66.85805801147852,22.487725979250158,0.0,0.8555682301521301,,,
318.36448353342075,18.057864675995933,67.21630143344568,-20.49207265613383,0.0,1.6726504564285278,,,
321.59939599203335,16.08122463981018,67.72220671507935,-24.132092200697883,0.0,0.8906204700469971,,,
315.6864123772886,22.735970418647877,69.35866686601155,-15.589590279974857,0.0,2.747586250305176,,,
215.40435504551021,38.36126645756055,69.39069396725299,68.05038670390783,0.0,1.0785943269729614,,,
326.503600665054,13.987607543602996,69.47988802585641,-29.066134069006537,0.0,1.2718603610992432,,,
337.7250413829334,5.7014500707322435,71.67438639528052,-42.76051791655888,0.0,5.075015068054199,,,
347.3864742967574,-4.158332006588825,71.8250808589385,-56.555505624746985,0.0,0.8204852938652039,,,
315.30948982752665,27.55243761830334,72.96839544230625,-12.26637357473301,0.0,2.1891770362854004,,,
281.6991477357537,45.775910942263785,75.08889358401827,19.83642412836963,0.0,1.357489824295044,,,
287.78833486473525,44.91731394178347,75.85596480894573,15.534320196610366,0.0,2.307971954345703,,,
279.65744260494336,47.62842846209948,76.51273639637739,21.73898826284099,0.0,1.3405171632766724,,,
223.03021443037048,44.455422609453414,76.55686626893613,60.291815057964186,0.0,1.595962643623352,,,
333.69219416666647,15.924524928450875,76.8163167270062,-32.57640533574639,0.0,1.2467848062515259,,,
266.7472334429014,50.471954628107945,77.67135471830679,30.59086583246355,0.0,4.767429828643799,,,
8.152983747071344,-22.67805694363029,78.10772285618553,-83.83471551643748,0.0,2.7388877868652344,,,
254.8538953720883,52.075663148841805,79.36245232284973,38.06396198141226,0.0,1.4567958116531372,,,
286.7627851298585,51.11261566018317,81.60378104501854,18.475259988328077,0.0,1.0049370527267456,,,
273.04129098319066,53.81167662159422,82.06320031590035,27.233811647593733,0.0,0.981434166431427,,,
281.1318061444069,53.01248254731546,82.37200308455155,22.356479889026502,0.0,1.4443415403366089,,,
277.3859931435807,54.6932029195645,83.56195443953092,24.90896508463831,0.0,0.9340438842773438,,,
320.9362739525418,38.13474323022568,84.15660264665027,-8.635293720237641,0.0,1.5435549020767212,,,
354.04060869664073,-1.4336187798911224,84.69194831175943,-58.600628186788896,0.0,0.8088511228561401,,,
277.61641845897327,56.88226924392882,85.95597866181708,25.235734869869376,0.0,0.8001644611358643,,,
345.638506162008,12.952275386632412,86.07439226014836,-41.996178767299426,0.0,0.850553035736084,,,
204.47729731341866,38.8707524732651,86.28903095481601,74.76936970752503,0.0,1.7495959997177124,,,
327.4345076397275,35.71041542248963,86.35020212902265,-13.947583468913535,0.0,1.515678882598877,,,
7.478490293084528,-20.074844595946843,86.858671208189,-81.39692432429953,0.0,1.2457115650177002,,,
342.30678174479124,19.713890187457736,87.3911313143821,-34.589218280351005,0.0,7.3431172370910645,,,
328.221494849692,39.064584248183586,89.0624497578672,-11.791012710184532,0.0,2.205543041229248,,,
330.91789891689007,38.08948587335572,90.12280716295162,-13.87066372092221,0.0,2.8555526733398438,,,
347.3346165992582,17.895274702417733,91.27465240738594,-38.620166524723885,0.0,1.5213831663131714,,,
309.0663097726643,54.983562349448434,91.56254570633834,8.506395862566151,0.0,2.4048640727996826,,,
345.40590193438805,22.48325419915264,92.11851498560873,-33.735427214273756,0.0,3.189540147781372,,,
301.02806060086135,58.72759377024436,92.34660635274608,14.221758140777666,0.0,0.8291556239128113,,,
346.45894942510216,21.32443380940897,92.46516281422717,-35.22396889432284,0.0,5.239989280700684,,,
289.18592176749604,61.680236221244684,92.64504790207897,20.78639415889168,0.0,0.7559053897857666,,,
216.63471117878427,51.25208974417859,92.6965758044735,59.92732935765936,0.0,2.52427339553833,,,
345.4275890886805,24.040251637089977,93.04856864805414,-32.38741400141214,0.0,3.6469593048095703,,,
335.9786463180127,38.00703556272437,93.41986456152522,-16.268932541369082,0.0,1.2971417903900146,,,
345.18392678121273,25.611368283336137,93.71378383650723,-30.905303420248387,0.0,1.9551258087158203,,,
303.3307120379302,59.834015268992516,93.94052783237252,13.757924402136268,0.0,0.9097018837928772,,,
333.2398926755312,42.578791915303654,94.31995372053866,-11.319832110291216,0.0,0.8799965977668762,,,
349.3564145777424,20.57362210502079,95.00084456534223,-37.14705949471501,0.0,1.4344382286071777,,,
334.7027678810409,43.513367057587956,95.75855475214351,-11.160767659289448,0.0,2.1223480701446533,,,
307.82857840432956,60.91093159143556,96.10053404521237,12.463609436999434,0.0,3.833085536956787,,,
342.03622918401106,35.555965675879406,96.43222575848775,-20.89301113584108,0.0,3.3761308193206787,,,
340.67889681930995,39.28211537080798,97.37835177375953,-17.11871289847676,0.0,1.1991254091262817,,,
339.37648337493744,41.27839317629382,97.52689146039972,-14.893482706690264,0.0,8.227206230163574,,,
199.60585353572003,38.585262910936954,98.38929119856698,77.22786853048035,0.0,1.0418885946273804,,,
215.5697601373879,54.901100488383754,98.3958622775546,57.68549735736133,0.0,0.6335623264312744,,,
222.82705020424618,59.33064875214044,98.62074436181605,51.765013522006186,0.0,0.7910566329956055,,,
334.8563299126502,48.53955997896611,98.67940648074355,-7.042520401309048,0.0,2.2592172622680664,,,
348.44097183871077,29.611724208856817,98.75907124704837,-28.63497637329884,0.0,1.2611421346664429,,,
257.61091365267185,68.73206021823597,99.55074625700308,34.237775052501796,0.0,0.9250099062919617,,,
307.636168219391,65.09358740874902,99.62813345847971,14.862523836645067,0.0,4.323063373565674,,,
303.58930340247633,66.61169510619064,100.07935687136927,17.065633854329093,0.0,1.252898097038269,,,
258.41928326777366,69.3734256407765,100.22646726085985,33.81207925787288,0.0,1.2564538717269897,,,
304.68105706027205,66.70298384500788,100.3875249489628,16.73621492447917,0.0,6.05378532409668,,,
304.6406633277771,66.78551436785861,100.45349618109854,16.79167226893523,0.0,4.313393592834473,,,
338.70698595669,52.726401908426574,102.98330569413986,-4.772181571326598,0.0,1.5981379747390747,,,
357.20183701107624,21.723500796384087,104.15091362627838,-38.853333549114126,0.0,1.4912755489349365,,,
239.48193846150454,70.38493812208685,104.52528086891321,39.39903872267536,0.0,0.822833776473999,,,
347.9582630253779,43.883591172960585,104.58355604291177,-15.410903687264579,0.0,1.3663668632507324,,,
238.15120450213658,70.53335740554448,105.00721339008574,39.685421377241916,0.0,1.31731116771698,,,
358.39307572161493,22.57890787579319,105.82360568056541,-38.36285862648435,0.0,5.014484882354736,,,
350.02389461348906,43.69227669621156,105.94613822409129,-16.146306420012706,0.0,2.1654434204101562,,,
290.35131555632455,74.55607671731339,106.1174316851479,24.1180334712015,0.0,1.3660809993743896,,,
282.1361085043882,75.05866412632557,106.21520809715888,26.32511320437071,0.0,2.7133965492248535,,,
347.6369971031794,49.19549443495077,106.48384334589599,-10.427237418697061,0.0,1.9380563497543335,,,
348.44578747962225,50.32555888933007,107.41001238595709,-9.579842050057053,0.0,6.608059406280518,,,
1.8955148571413765,16.13084927917448,107.83560718224076,-45.45148950613884,0.0,1.127785086631775,,,
349.29125996915246,50.926789950913786,108.13928781904383,-9.217249552721867,0.0,4.533793926239014,,,
4.0991727123442345,15.785121738280985,110.69544153867095,-46.25241114859287,0.0,2.242534637451172,,,
3.8729797700297044,22.245418929338058,112.0745539765366,-39.86730305557717,0.0,7.194240570068359,,,
202.47591132685065,56.812349316598294,112.54214708666072,59.533236519300885,0.0,0.7121817469596863,,,
245.10213808315035,79.18157419380798,112.6956678061819,33.37842341550652,0.0,0.6875548958778381,,,
209.7444404969123,67.4430860983928,113.27132137119057,48.39869858912259,0.0,0.6276046633720398,,,
328.89916518411496,79.15333146273458,114.98582486581446,19.10390683045327,0.0,1.5781817436218262,,,
8.466802421830868,7.721904719346032,115.34882209944396,-54.89093388250154,0.0,0.8299117088317871,,,
329.9460709299406,80.490721741395,116.05665322035222,20.00083387093052,0.0,14.642960548400879,,,
352.4867268711358,73.4333560488852,117.11842197236373,11.488198827156609,0.0,5.176927089691162,,,
9.426704235327835,10.248536281768644,117.38070775487438,-52.475150614581366,0.0,2.480055332183838,,,
201.02018926040756,68.6690138381222,118.49088236266311,48.176784760691994,0.0,1.043113350868225,,,
6.30984832349302,49.50225306019815,118.56926995348331,-13.147447298214047,0.0,2.2614734172821045,,,
200.8033323112056,69.36349802397484,118.79679940773842,47.508815659966366,0.0,0.8804636597633362,,,
199.11913144554063,72.52420864443656,120.30179326442729,44.475951301495684,0.0,0.5499387383460999,,,
307.75755530479324,87.45830440487178,120.36607484258707,26.03493205607179,0.0,2.7598648071289062,,,
323.98670910234,87.38292425732892,120.75006739319834,25.390132904777033,0.0,1.193068027496338,,,
198.16165500483478,72.88985312364957,120.76045304514561,44.14886562631239,0.0,1.1493003368377686,,,
12.089177912789362,16.88760769437813,121.87124294545593,-45.97779656282336,0.0,2.459925413131714,,,
10.356072836982054,87.61562679821826,122.81727584938056,24.746106159859252,0.0,1.2235944271087646,,,
25.33167664526881,88.22071421857393,123.35720602259062,25.390316266053063,0.0,10.944937705993652,,,
185.97443205092878,86.47086487444984,123.42328471594891,30.631075218646487,0.0,1.2024967670440674,,,
43.87500096290432,88.40053224490391,123.84689616316696,25.754507837863613,0.0,30.26408576965332,,,
40.01225671445535,87.64409171997806,124.11823207232324,25.02702532894112,0.0,1.032296895980835,,,
53.130646428456195,87.72211353228785,124.56145519686656,25.38087806901339,0.0,3.3350136280059814,,,
131.0118617687794,87.8181567074143,125.1135270153942,28.140789246992163,0.0,1.186306357383728,,,
175.51362274259932,83.47784195419969,125.25495964141527,33.334551324661476,0.0,1.3158104419708252,,,
123.99609940773692,87.64659431685718,125.41704003041967,27.954957730576034,0.0,0.8048332929611206,,,
171.39459382349852,83.95809084662346,125.55607536116446,32.72654496021986,0.0,1.221205711364746,,,
16.69655665216495,44.057512802387045,125.84263345009191,-18.72747736879539,0.0,6.601715087890625,,,
190.64089601151517,51.44474401756603,126.2835861304192,65.62571521090621,0.0,0.7389893531799316,,,
17.342769390159887,43.633704557627155,126.36474595637144,-19.118481740322864,0.0,4.344578266143799,,,
187.43586006153774,65.35606513951281,126.57131063213693,51.618610807282316,0.0,1.1924058198928833,,,
15.087188465767046,9.381060699713297,126.62225423022511,-53.42682819239593,0.0,1.4825725555419922,,,
17.602970377740803,41.69236190832502,126.725458388584,-21.03958745019122,0.0,1.3259382247924805,,,
19.923092511534865,51.93760920900539,127.35688271158865,-10.691221538182432,0.0,6.93004035949707,,,
18.87684592329117,37.91346081548928,128.15556339700126,-24.71403797836132,0.0,1.2638366222381592,,,
21.389092074489522,39.98029926382422,129.99423666119037,-22.423124228847342,0.0,2.0255930423736572,,,
161.78583408759891,78.03349241066756,130.64963429318811,37.165945939580126,0.0,3.9354898929595947,,,
24.643887056542038,47.394310400071696,131.1503418008634,-14.723848128463828,0.0,1.4994053840637207,,,
45.86754017144512,75.199595659087,131.19572699439578,14.489396664909677,0.0,1.7828800678253174,,,
22.204940319895545,36.44472574638714,131.27597630045662,-25.82062424655176,0.0,0.9022580981254578,,,
21.400971868331112,19.405416733933947,133.92718591886035,-42.73572399700839,0.0,1.596500277519226,,,
21.358718148109794,17.835313110618394,134.26659890994804,-44.28693319607396,0.0,9.480002403259277,,,
17.67392757371807,-5.845709224913024,135.94163706651509,-68.2296811670031,0.0,2.6398332118988037,,,
22.027034405099496,14.783078175991701,136.02496000667898,-47.15429650568686,0.0,2.3622519969940186,,,
176.95982500066572,60.76557527905139,136.31255349082258,54.67961111860853,0.0,0.8506798148155212,,,
22.825681507282443,17.30026607874908,136.3346264132733,-44.53156039686138,0.0,4.134483337402344,,,
175.2772365793812,61.19417406784191,137.24668986514217,53.936039948445206,0.0,2.383925676345825,,,
35.6915128559443,50.284383732666306,137.51333237126894,-9.98379929731253,0.0,1.7363855838775635,,,
174.86224125829116,61.150289124234234,137.58241649664993,53.882601884277356,0.0,1.1821846961975098,,,
170.0451400126885,63.2596134375883,139.0007016856876,50.926550475486394,0.0,0.9080633521080017,,,
34.98055515119435,42.83165960563595,139.72903207764273,-17.135601584773667,0.0,1.5872727632522583,,,
95.48324712704694,72.81279919173024,141.59647409861591,23.694395009348796,0.0,1.1054918766021729,,,
183.2386618362432,46.364769383041164,141.98705163611393,69.313742447599,0.0,1.948607087135315,,,
93.3710982049036,71.85347297237657,142.39740366388094,22.805946317609482,0.0,1.430519700050354,,,
119.26259330513993,72.60194814875254,142.41495543475435,30.681922089769635,0.0,1.6114994287490845,,,
45.16280818934422,48.99054281554182,143.70406779179353,-8.599406699967375,0.0,2.7449874877929688,,,
101.33507995619973,71.07216098265876,143.90772759438295,25.065102909047496,0.0,4.3321380615234375,,,
39.721368643482585,40.18862974011117,144.2375334384128,-18.196305027692404,0.0,2.1288046836853027,,,
32.42297815883684,24.355434535686207,144.84207681221793,-35.16490799530344,0.0,3.0901761054992676,,,
163.3571656300475,60.86201372014071,145.25029745549259,50.84469407337838,0.0,0.8538255095481873,,,
25.77059730030835,4.978732186679185,146.1055365928602,-55.55213625651814,0.0,1.2430576086044312,,,
144.78451169999877,66.43705437509583,146.13070659139137,40.97127316745513,0.0,4.853396892547607,,,
28.17903384702883,11.167010430708919,146.1642238897337,-48.92086206969165,0.0,8.20056438446045,,,
83.5411640004458,65.72063358072133,146.88908499727802,17.13296942382297,0.0,6.627599716186523,,,
147.45246071623802,64.92212263078639,147.17009568741858,42.674572943236804,0.0,1.3140980005264282,,,
29.815780779241173,10.842308527044445,148.60871237670358,-48.618767306486035,0.0,7.78449821472168,,,
102.66399176510991,65.77753850506814,149.73025951323896,24.49367740640203,0.0,0.974193274974823,,,
49.33204720683663,40.676889058292694,150.64599663564093,-14.21494439378452,0.0,2.046952247619629,,,
183.31469541088555,39.85766538278933,152.4089389697954,75.00838040332056,0.0,0.8536264300346375,,,
142.46465490837,61.65786710506188,152.4767583079659,42.11887988464646,0.0,1.3939265012741089,,,
131.13317740848456,62.41165761397543,153.56451721736306,36.825116115524494,0.0,15.120240211486816,,,
131.38656625404462,62.28670478534203,153.68743313818877,36.965751931011944,0.0,2.9857475757598877,,,
124.55971209390572,62.68201590974904,153.80059337828627,33.79000162017435,0.0,1.0874876976013184,,,
101.23488459360858,59.45095387516785,156.2469293399698,22.32537921286813,0.0,0.8146476149559021,,,
86.422067944721,55.51103085031207,156.8846094612605,13.487619860870197,0.0,3.2021255493164062,,,
42.925786086993725,21.147233500345145,157.07100532371018,-33.6324345437004,0.0,1.9518321752548218,,,
38.72074873314588,12.702787278019716,158.4580528195997,-42.9209317394058,0.0,1.8608249425888062,,,
40.56999713726606,14.214129575520271,159.40126096284342,-40.67945489910437,0.0,2.5056850910186768,,,
24.85388611886163,-11.381474284622149,160.83989004734485,-70.63446527786755,0.0,1.2661840915679932,,,
143.36808941183943,54.95231488558304,160.94775763320004,44.85235844030583,0.0,1.1321455240249634,,,
49.573382815938594,23.012323266770014,161.73205976785925,-28.58155830007918,0.0,2.183960199356079,,,
51.084617577211326,22.918934861161222,163.04292448058186,-27.800517566571088,0.0,5.5861310958862305,,,
52.11903774559056,23.837543406574188,163.22897142559836,-26.4898110838555,0.0,2.4233648777008057,,,
88.94520864205933,48.57049271572249,163.89425728014103,11.552727079838533,0.0,2.7295453548431396,,,
60.75506077483258,30.321770987374173,164.85388323470374,-16.552108856000814,0.0,4.757037162780762,,,
86.99384923582532,46.14423599417568,165.39966969573203,9.220220120283784,0.0,5.945600509643555,,,
110.98842912419047,52.15453590486249,165.41429132232247,25.930878048203297,0.0,2.025942087173462,,,
55.43459156588981,23.183458710286246,166.27243227075297,-25.020760928006496,0.0,3.4292500019073486,,,
55.660797928294166,23.41149792127243,166.27627586692017,-24.712289181155654,0.0,10.0020170211792,,,
61.19432920526191,28.360600456462695,166.56552774481702,-17.699821052797603,0.0,6.14302396774292,,,
37.396055673765254,0.4950833219750703,167.4379347478472,-53.672947228948175,0.0,1.1612179279327393,,,
47.3017385190758,12.619859967777051,167.4431512530038,-38.06930444779789,0.0,6.886871337890625,,,
43.590083440993354,7.952947771527219,167.6370688705423,-43.9927813726012,0.0,3.535520315170288,,,
20.490319672415325,-20.51599813041943,171.08839765165223,-80.3898605448567,0.0,4.398350238800049,,,
58.18524478621665,19.390718328119956,171.2201520007418,-26.030174450287745,0.0,1.9318410158157349,,,
99.5213657577729,43.84945440515868,171.4876418235754,16.171755010254998,0.0,4.059833526611328,,,
47.16611117381511,7.409158208583994,171.79078102032904,-42.08408096454326,0.0,2.3352668285369873,,,
52.01916234246973,11.039401103629734,173.07499915288545,-36.15728227228732,0.0,2.366525173187256,,,
109.36824955244131,44.0576723636597,173.76057256063632,22.928546388282783,0.0,6.481475353240967,,,
60.637874947402445,15.613718082694552,176.07556955716376,-26.953916554396955,0.0,2.147500514984131,,,
123.3525928091167,43.26509725547908,177.03377679582485,32.64345229387207,0.0,1.0763828754425049,,,
66.37553434987073,16.464661103571704,179.333680657748,-22.225241705846997,0.0,3.335641860961914,,,
49.81171830250152,2.133676309232543,179.45447479555946,-43.92788752879059,0.0,1.6826581954956055,,,
17.307910621178127,-24.510787016806034,180.74590085465172,-85.21673532005087,0.0,2.1536192893981934,,,
61.08926858372712,9.27079766953026,181.8816380037893,-30.774304769684477,0.0,9.885698318481445,,,
61.2958879296345,7.84865548959457,183.32276909676247,-31.51114171203453,0.0,1.4209961891174316,,,
32.0046213148184,-15.624335527548585,183.92195731504967,-68.82880663670284,0.0,2.9133501052856445,,,
105.48936525758322,32.85983276113925,183.92196793226935,16.362453312717733,0.0,6.227585315704346,,,
62.01698913881171,6.109443392817746,185.45269469329804,-32.01902865326991,0.0,4.47513484954834,,,
60.505947178302236,4.902967736785644,185.50254161970503,-33.946714870718935,0.0,2.2487218379974365,,,
99.33896302289767,28.64061544028576,185.6821825618412,9.822458872069163,0.0,2.9953107833862305,,,
61.982032399515944,5.79114517913599,185.7265312317434,-32.23981361344816,0.0,3.898495674133301,,,
77.95232902754249,16.205883736141146,186.5082460615061,-13.453955119361439,0.0,2.7964024543762207,,,
61.07485075915312,2.4081747924142305,188.33966194381432,-34.98378532913071,0.0,1.9353090524673462,,,
59.90453502870935,0.1318915238320538,189.79291167486718,-37.258144841953296,0.0,8.695091247558594,,,
157.41519334419158,33.90993598830195,191.57254478387068,58.88402480196932,0.0,0.7613387107849121,,,
68.40815813207695,4.078822568352372,191.63696712812225,-28.01889331016369,0.0,1.6808329820632935,,,
69.65383118205362,4.700734495934502,191.8295511419599,-26.640451852628388,0.0,3.165705680847168,,,
34.58187930028641,-17.75636893255256,192.4008932861899,-67.89001353695943,0.0,1.8738620281219482,,,
102.79908982972555,21.148622402932133,193.90943568079226,9.418167815186479,0.0,4.450948715209961,,,
51.34172190301599,-9.68045472029692,194.68739791334164,-49.768278344613634,0.0,1.4003812074661255,,,
23.82361547143282,-23.4606532741937,195.03792855541278,-79.43559708822104,0.0,1.8500564098358154,,,
55.73133107989649,-8.660603275149892,196.65771168355397,-45.518551236629975,0.0,1.5377150774002075,,,
108.70474143042456,18.521006516307537,198.7326184304167,13.343482378815423,0.0,6.433940887451172,,,
45.52973860000813,-15.57018428103576,198.8055785111308,-57.57406441491432,0.0,1.1113420724868774,,,
133.03606323482202,25.887390203307078,199.7354951062497,36.981708416908205,0.0,0.8018482327461243,,,
59.70723709123057,-10.216250950234693,201.20253789824937,-42.83755993968788,0.0,1.9368788003921509,,,
74.96198098172884,-3.3718329805280227,202.6128625582793,-26.264504580332556,0.0,1.2740503549575806,,,
166.81423741176192,28.796497530976588,202.6657493272912,66.98060351313663,0.0,2.5342841148376465,,,
106.54191276445107,12.55394854792057,203.3257425735596,8.911352863071272,0.0,3.9398419857025146,,,
148.77312239199713,26.330913492871037,203.7124949988946,50.823073099885264,0.0,1.9907084703445435,,,
34.69221556210524,-22.62249574166926,204.91161106060667,-69.7159179071403,0.0,1.401566505432129,,,
59.87648090627271,-13.656733322419178,205.56081636330342,-44.2093466985979,0.0,2.1383535861968994,,,
61.10629210404486,-13.89998211550438,206.55307574705458,-43.2236867045558,0.0,1.0068037509918213,,,
70.42874262224107,-9.766846273483717,206.75571379935053,-33.21057473980373,0.0,1.6576440334320068,,,
60.67467933009725,-15.673251956504732,208.57247540882665,-44.31567748378916,0.0,1.9498804807662964,,,
49.115236972865006,-20.777869399340283,210.02626220016415,-56.382904455655876,0.0,4.7840728759765625,,,
68.18270406981347,-14.050278292353543,210.3765746632927,-37.00662995595674,0.0,13.663378715515137,,,
60.94669931560153,-17.10912315678882,210.57376004484212,-44.61572225728972,0.0,2.638108253479004,,,
162.92346528324939,24.969219751727067,210.71959216094652,63.081170068961846,0.0,1.2190542221069336,,,
69.02984701071186,-14.049447496059845,210.78491069263274,-36.252986882937535,0.0,2.4650819301605225,,,
45.30977691483776,-22.55316847897726,211.31224227769275,-60.28201585477095,0.0,1.987473487854004,,,
49.9841045049652,-22.684793265066045,213.73360741389897,-56.157294429276504,0.0,1.837734341621399,,,
16.0648278194322,-27.207489868139792,215.25509191948768,-87.1472672190738,0.0,0.7276882529258728,,,
73.7970446188701,-16.55728140222073,215.75445712377356,-32.97957643196003,0.0,0.9520883560180664,,,
113.35676430355214,1.6767466978075116,216.2509608212322,10.103035730886276,0.0,2.7916486263275146,,,
65.32378491561168,-20.395221462710357,216.7620741029005,-41.8471653334598,0.0,1.5276371240615845,,,
113.18839979627312,-1.0031258577855162,218.58260944397657,8.717715914860051,0.0,22.08829116821289,,,
64.03536025028275,-24.054420761247165,221.0688335632845,-44.05659921355138,0.0,1.2355395555496216,,,
61.097656870051225,-27.06292134419613,224.37606028759882,-47.33416737194392,0.0,1.7609031200408936,,,
24.5815776987013,-28.80738059183606,224.86885638384743,-79.51623836887705,0.0,0.8780174255371094,,,
75.998380805351,-24.188763474898433,225.18468662866783,-33.61799075433717,0.0,11.820491790771484,,,
92.57195205075878,-18.944928662868485,225.76047023303389,-17.35978048083085,0.0,1.187395453453064,,,
90.6139990435699,-20.102926818909623,226.12164425873797,-19.511242262505405,0.0,1.1057993173599243,,,
117.01951665827902,-7.44672130154181,226.1573305896353,9.020341464412539,0.0,0.8293052911758423,,,
117.56425033760786,-8.439838767774479,227.30156749595952,9.006213228047699,0.0,2.0262861251831055,,,
79.12449276804861,-25.285555069918484,227.44021770068213,-31.243015805976498,0.0,7.86555290222168,,,
18.663678792214288,-28.3464595967438,227.6126652507068,-84.72093163463614,0.0,0.9765896201133728,,,
39.66915280666544,-30.839133940368683,228.35078629534328,-66.31450709008246,0.0,28.089506149291992,,,
95.88135961114368,-21.404216171914296,229.40225784165997,-15.490379768446843,0.0,1.2153013944625854,,,
82.78813824641087,-26.824728716667305,230.28805033171633,-28.576775431690038,0.0,20.08362579345703,,,
179.99671621887737,22.580825026143877,231.41757156907065,77.48276471841695,0.0,3.2763190269470215,,,
34.54750428377442,-31.696678896498433,231.74387147586023,-70.59917134942009,0.0,1.9040154218673706,,,
123.19894882522955,-10.850578612306771,232.2711012176054,12.590105683173846,0.0,1.1615525484085083,,,
95.17233151370773,-24.861659044625966,232.45578953276257,-17.441040814267467,0.0,1.2348307371139526,,,
86.16379564219888,-28.503064341029543,233.1250114676404,-26.25010654156216,0.0,0.8381041288375854,,,
97.68078794621655,-24.928793308375266,233.43928213173103,-15.369403457867577,0.0,0.6867281794548035,,,
134.802287343455,-4.922281327245327,233.46900711499893,25.46795608018016,0.0,0.9884856343269348,,,
122.28976011438836,-13.488469818482281,234.09924233009434,10.45939402064252,0.0,0.9590209126472473,,,
146.54625399401434,0.48612179053818544,235.96244763264033,38.21215957527772,0.0,5.2391357421875,,,
73.99510736616357,-34.22634863299038,236.68013047552716,-37.71271874367305,0.0,4.498616695404053,,,
92.96055324046667,-30.632498183506765,237.41693841753633,-21.3451427929009,0.0,2.742739200592041,,,
163.37882932898816,10.815830345983997,237.68574734251138,57.8392039344433,0.0,3.7299816608428955,,,
95.63187234947098,-32.41789898026128,240.03951811482693,-19.81411388008692,0.0,1.350266695022583,,,
29.834840049440302,-33.53952824821948,240.71712189994642,-74.03410997497136,0.0,1.5415986776351929,,,
39.26295160856437,-36.1301105114669,241.41627023981056,-65.88101502429595,0.0,0.8765231966972351,,,
124.26307046491921,-21.434342008321476,241.91885668787506,7.798652088655686,0.0,2.637575387954712,,,
134.45576780239386,-14.741999899719621,241.98060486771166,19.567044986884056,0.0,1.0928151607513428,,,
105.69215772079882,-31.70291831522192,242.74311993231228,-11.6660202483733,0.0,0.7928532361984253,,,
38.97778959586659,-36.73761311601998,243.0001463425037,-65.94288452471116,0.0,16.101198196411133,,,
141.0350347984883,-12.302668488783384,244.12295474843827,26.12215159888398,0.0,0.9044464826583862,,,
111.7014663090678,-32.417923695438816,245.66985621785153,-7.40993758686173,0.0,1.6077741384506226,,,
111.83927769448844,-33.23104446911799,246.45129704964867,-7.682810997389566,0.0,1.1856006383895874,,,
107.04085921551614,-35.62741103857869,246.86662675989507,-12.290582339377096,0.0,13.145710945129395,,,
141.52012499806094,-15.1874089997705,246.9195074022083,24.652001191362928,0.0,0.8611436486244202,,,
142.62827983209954,-14.547754748969787,247.14646092794948,25.882521242043254,0.0,2.5324959754943848,,,
98.02241067624519,-40.60866213123313,248.95602919462291,-20.717941846971797,0.0,0.9041493535041809,,,
147.7215360283657,-12.405278226962398,249.06059018488898,31.00983833619081,0.0,1.3857371807098389,,,
146.241437600314,-13.822421992531995,249.14409431995074,28.989724845745705,0.0,2.2080001831054688,,,
137.98449254898392,-21.187652777986116,249.5280270412671,18.218857790391496,0.0,2.6158595085144043,,,
112.60187539647606,-37.353680039747175,250.43952534443247,-9.029661159351804,0.0,2.595919609069824,,,
80.75926507049309,-44.792082101818174,250.47272938541678,-33.97844996345469,0.0,2.470996379852295,,,
142.50332148619228,-18.999984153760987,250.73554906610374,22.85714353839964,0.0,1.584145188331604,,,
103.93625657792867,-41.25246875951353,251.21506114785856,-16.743752392039042,0.0,2.0616772174835205,,,
68.25333537720265,-45.839520862677055,251.5505576776229,-42.7852799196354,0.0,1.9856061935424805,,,
179.64423054716005,16.005106680528307,252.45744342093946,73.44764737507151,0.0,27.72832679748535,,,
141.444146929192,-22.13189282354304,252.5179675780576,20.021617877525344,0.0,0.7702611684799194,,,
140.87917896394302,-23.160699671726658,252.9549708113995,18.944316685702518,0.0,1.1731421947479248,,,
150.09204785872285,-15.410109593734765,253.4375834040402,30.577179878778985,0.0,1.880757212638855,,,
112.13820266678371,-40.85460056097303,253.44247125221435,-10.9375610599201,0.0,1.1298677921295166,,,
156.45397692673865,-9.522345061046169,253.95192481316678,39.12327666512527,0.0,0.9056269526481628,,,
142.4823085799191,-23.272955379085026,254.10139667296332,19.95162209891106,0.0,0.7371215224266052,,,
132.87665151656603,-31.264545592843696,254.5214533069191,8.27464873158722,0.0,1.0996580123901367,,,
172.48833189798432,7.584715097929232,254.52267558929614,62.525023358713206,0.0,11.05591106414795,,,
153.25455340851386,-15.891548826616095,256.41956287726566,32.31925053472825,0.0,1.567842960357666,,,
136.29929705132227,-37.024971745438414,260.8015473425238,6.717585989245265,0.0,4.1709160804748535,,,
158.0988525722478,-16.444076283967934,261.1146895542458,34.90204900332814,0.0,0.7414132952690125,,,
117.3343113201614,-48.04210914249499,261.6763411732998,-10.973507237832266,0.0,1.6027933359146118,,,
155.32163066644029,-23.314877816745504,263.659629694636,27.879891014993348,0.0,0.9997371435165405,,,
163.5168981014722,-13.179359640016933,263.96675798558965,40.64792515203385,0.0,1.038798451423645,,,
109.46663694619495,-53.45183145075252,264.527407233421,-17.778418008320244,0.0,0.7792633771896362,,,
161.23433533559012,-17.501136074986587,264.83856275131944,35.846637569092124,0.0,1.4614988565444946,,,
141.49415083295224,-39.37614348768982,265.35331829378447,8.062235501072692,0.0,7.755145072937012,,,
58.76154907918686,-54.74672968343019,265.60641319774294,-46.87240107993327,0.0,1.0366606712341309,,,
97.65600437105451,-57.38551508900637,266.506153085659,-25.314518861642114,0.0,0.6782682538032532,,,
59.12990677200644,-56.079255455048184,267.30163889776065,-46.194582255219814,0.0,2.5267438888549805,,,
144.5156938920421,-40.0881510577994,267.5540899615742,9.14432597817597,0.0,1.2104109525680542,,,
145.24005947111146,-40.245881237446014,268.0775468855148,9.398067388927004,0.0,3.534837245941162,,,
169.79364820746136,-10.398676340673623,269.02325631117685,46.30985144565094,0.0,0.8245192170143127,,,
151.79263911592287,-36.3172139869834,269.5757093320041,15.700000095307374,0.0,1.0413868427276611,,,
109.0292653001947,-59.15836922984964,270.07779083659636,-20.027105388789664,0.0,0.8505802750587463,,,
118.90048030237406,-57.2498710329598,270.45025363457137,-14.504697850242124,0.0,1.964192509651184,,,
166.04741641957182,-19.2574122801609,270.78984375886563,36.83213751936868,0.0,1.8028768301010132,,,
166.33115280266713,-18.94861016141002,270.8870510111332,37.233660435011636,0.0,4.030918598175049,,,
123.15614845711177,-56.599302331640516,271.0499964788709,-12.16492679603833,0.0,1.5781018733978271,,,
157.08966294884596,-32.79548379719077,271.15042955521943,21.102254660350653,0.0,1.0761710405349731,,,
166.37245222408896,-19.91876072271558,271.53070064708845,36.41070921417763,0.0,3.32312273979187,,,
160.5608149841142,-28.880235337043487,271.5596453460768,26.007714732635193,0.0,1.1227682828903198,,,
165.17108684375924,-23.777307652168407,272.65399362865884,32.50251134034886,0.0,1.4737223386764526,,,
118.61295561884526,-61.96004380437402,274.7301946245889,-16.790489293854577,0.0,1.852379560470581,,,
65.53941896538657,-63.58772323981382,275.24293585241713,-40.42123276734287,0.0,0.7344304919242859,,,
92.27712792995085,-65.73139460018959,275.4559794735944,-28.872766953230894,0.0,6.892203330993652,,,
137.01517947972343,-56.69510198373702,275.73863574218893,-6.126430507551902,0.0,1.9039753675460815,,,
135.34780796521508,-58.030445303235666,276.14624371463253,-7.684539592823228,0.0,2.398892879486084,,,
110.16906047485698,-65.29388281595487,276.46700007812376,-21.525610162166515,0.0,1.7717365026474,,,
158.06735753978714,-43.666024693449515,277.9371449516637,12.34912294887745,0.0,1.8675841093063354,,,
117.91695858797141,-65.9039966641775,278.32397954549657,-18.775202155413567,0.0,0.854248583316803,,,
157.6282332598142,-45.35030691773882,278.56035021371304,10.748479764023443,0.0,1.0320866107940674,,,
53.208419362155134,-63.54689094997674,278.74040149259775,-45.26660118081617,0.0,0.6898796558380127,,,
156.22331573863875,-47.33740020155696,278.7938431383622,8.549446169857077,0.0,1.4526396989822388,,,
162.04313827750033,-40.335882308703276,278.870926202924,16.707164625982116,0.0,1.3259987831115723,,,
124.97084865367168,-64.99121246212479,278.91766961257645,-15.760030886565772,0.0,1.6361658573150635,,,
169.73761071179112,-27.45781123825462,278.92779558888236,31.067106105135657,0.0,1.0722765922546387,,,
121.09173002698506,-65.93005193326402,278.9496990496822,-17.62398057956274,0.0,1.8265974521636963,,,
136.65071973973272,-63.035955853099566,280.3979239909437,-10.484726356363964,0.0,1.3846253156661987,,,
40.306411519514825,-59.92756941958229,280.78309353351125,-52.22048018118829,0.0,5.591578483581543,,,
141.64620162131195,-62.346330315576346,281.4843119125985,-8.34549747001158,0.0,1.0690656900405884,,,
175.5000126314022,-21.437666503751498,282.1129900365107,38.61066258795396,0.0,1.7081589698791504,,,
60.22290760474694,-68.55134073740943,282.3247218706965,-40.15368059717514,0.0,0.9951273202896118,,,
165.299015438845,-44.320247517573264,282.9629074259858,14.235136254203908,0.0,1.2841267585754395,,,
99.87619011293131,-73.40260500885967,284.30126933347145,-26.757562276137435,0.0,0.5468705892562866,,,
169.0743325468874,-43.45278129391206,285.1884480729708,16.11690746698902,0.0,4.473841190338135,,,
42.538019745880405,-65.49937594294514,285.28758752731426,-47.3570311796656,0.0,1.0814570188522339,,,
101.42333116576192,-74.7064509630633,285.80079638461274,-26.469382934676247,0.0,1.5993205308914185,,,
43.41120020588118,-66.5061970756483,285.8557777001941,-46.36264140988149,0.0,2.428319215774536,,,
49.75883000033878,-69.22224304161416,286.0707097523466,-42.75034177784127,0.0,3.799583911895752,,,
85.37937345110537,-75.0625914208132,286.32975355469523,-30.62940527132089,0.0,1.4534889459609985,,,
111.53317867214497,-74.98666565829045,286.6617007483578,-23.931933507070667,0.0,1.3430529832839966,,,
141.6886440656888,-70.73151087873677,287.55049960467323,-14.258425378040812,0.0,0.7158740162849426,,,
39.80150621877368,-67.16211514284385,288.0649494529586,-46.7335023529719,0.0,1.079939603805542,,,
73.7615843667293,-76.51633580863562,288.8756769587248,-32.97898329999735,0.0,2.3747830390930176,,,
91.0688694931265,-77.84458974640887,289.30747014601064,-28.950449150683383,0.0,1.4287292957305908,,,
179.97690685088756,-28.804657146304002,289.5044565128669,32.71995077099174,0.0,4.972445487976074,,,
36.61013691724382,-67.08190537131468,289.50956795284714,-47.49442804976053,0.0,2.797292470932007,,,
181.97858447040352,-24.235960196324662,290.3884978463269,37.573411119800994,0.0,0.8385747075080872,,,
36.85187395748054,-68.9655356933388,290.83847070884735,-45.84369262865931,0.0,0.8707965016365051,,,
176.40879250688778,-46.6819618144272,291.34466968861534,14.703994589779427,0.0,1.6966254711151123,,,
179.94410907166767,-38.86094288405708,292.0401390794033,22.915723011355908,0.0,1.7250887155532837,,,
38.23132622016727,-71.61953414838362,292.2260329519474,-43.337031907095394,0.0,1.051009178161621,,,
143.75709834335333,-77.10335928483741,292.69486731122413,-18.326430169257293,0.0,0.9323862195014954,,,
120.54934572601552,-80.24785834716054,292.7729715270917,-23.802583384568962,0.0,0.7152027487754822,,,
149.2666706806584,-75.90834612087734,292.8437509827492,-16.578183969977275,0.0,1.600887656211853,,,
19.287193517251765,-50.84880474024638,293.0102894699306,-65.78127521965115,0.0,2.323096990585327,,,
185.28970965947164,-19.090639115452802,293.09877155050134,43.20224514688937,0.0,0.8283436894416809,,,
155.46606635602865,-74.31557321790382,293.1754882352589,-14.35054413937678,0.0,0.7195951342582703,,,
162.54487642072053,-71.08979322217452,293.35497600957206,-10.508354817404282,0.0,2.5193638801574707,,,
177.2786318800224,-53.48895927822289,293.6389530246375,8.254533663917613,0.0,2.994819402694702,,,
39.4300908880449,-74.41415613203495,293.8004389075249,-40.77461067615013,0.0,1.0545979738235474,,,
150.84974775758468,-77.0983877055194,293.92915049094205,-17.266792751649902,0.0,2.1488795280456543,,,
146.560966449646,-78.6589987825347,294.2823500509617,-19.036037183665528,0.0,1.5752640962600708,,,
159.30395717682063,-74.7606384274954,294.313263510966,-14.181809212227208,0.0,5.350250720977783,,,
159.20467909196614,-74.9175364849295,294.37246593122774,-14.330128950218267,0.0,4.612086772918701,,,
160.19301993443833,-74.62492112727911,294.4525182578285,-13.946738692380208,0.0,2.168329954147339,,,
184.39803846001604,-32.16765623343895,294.64925181285093,30.159175888955033,0.0,1.0128521919250488,,,
42.97583550695906,-77.44980959351464,295.0048587817985,-37.76122925545975,0.0,0.5199849009513855,,,
185.369872976469,-30.168268453676422,295.2739634412128,32.25761909629066,0.0,1.4981886148452759,,,
184.08714019945467,-38.05939012851332,295.3611925844473,24.295991171296535,0.0,0.9042786359786987,,,
156.25057441273887,-78.24315334699237,295.61171721192756,-17.508624054033803,0.0,1.8394629955291748,,,
36.53775379531873,-76.41945672704291,295.9231640553283,-39.39193691980029,0.0,0.5777764320373535,,,
171.90152636499573,-72.33731000220247,296.59496222724414,-10.504881689103485,0.0,1.7701908349990845,,,
162.54931401522177,-78.49845737554729,296.88915181513653,-17.075180782397226,0.0,12.70236873626709,,,
25.913486579583736,-71.63246302654657,297.16445531432976,-44.906467731128515,0.0,0.6941496729850769,,,
43.99114397062481,-81.03915775214999,297.3117688343486,-34.685963902418194,0.0,2.672966718673706,,,
173.7429101265332,-74.028487602941,297.6470764810829,-11.946495136450707,0.0,3.450406789779663,,,
187.16598738469327,-36.614849543963786,297.8476899012553,26.031973931144293,0.0,3.5296413898468018,,,
187.8533032368047,-31.242166097011065,297.9154755947077,31.434460999455624,0.0,2.3323447704315186,,,
188.30177514569291,-44.91854435958649,299.54326148347405,17.833220330095756,0.0,1.4059360027313232,,,
15.806806390873708,-56.842434135705794,299.6868095574622,-60.21147194517087,0.0,0.7722943425178528,,,
191.5500967586131,-42.68267568486413,301.9064579226704,20.178645662248556,0.0,1.6493916511535645,,,
192.94715800457345,-42.00579812898187,303.00164426204935,20.865904391019797,0.0,1.7433987855911255,,,
11.398435999481878,-68.83710114218255,303.7244914905817,-48.28215427078496,0.0,1.7281523942947388,,,
6.01808774734417,-84.22069324192708,303.7501665232154,-32.86401875023998,0.0,1.5339443683624268,,,
199.35574778570796,-81.10919501067684,303.9871512031275,-18.290731545539757,0.0,1.0063565969467163,,,
205.5794154915111,-81.27884790363709,304.9507070436042,-18.607199992398762,0.0,1.6190563440322876,,,
357.018353102146,-83.2462830623765,305.1409280327603,-33.60807558848168,0.0,1.5257796049118042,,,
4.657837378624514,-76.72770624431062,305.3910632142857,-40.243496646817135,0.0,2.1554696559906006,,,
5.77822562781058,-74.20635064494853,305.55195634011244,-42.77750236683198,0.0,3.0752570629119873,,,
9.557751491196624,-62.25462107273545,305.59831969681204,-54.80520160114688,0.0,1.8837133646011353,,,
194.97675983910088,-18.033013763484625,305.76935891988927,44.79207202788741,0.0,1.1165000200271606,,,
251.9190311119562,-86.81068985466355,305.96137558160456,-25.456119029608914,0.0,1.5390195846557617,,,
359.29007968981625,-79.65246044939948,305.9628937697257,-37.154323651936735,0.0,3.7808456420898438,,,
197.97313902457208,-50.81887560454883,306.2312582299549,11.921792163455606,0.0,1.351984977722168,,,
1.658311363141853,-75.54724130807433,306.6296364568641,-41.25771910048556,0.0,1.268741488456726,,,
198.83985744721414,-46.31619491484579,307.23286449060225,16.35569142543943,0.0,0.9894607663154602,,,
216.09458653037078,-77.42674914702715,308.0445914923232,-15.487176409726104,0.0,1.110929012298584,,,
234.82537999569027,-80.56573974072677,309.62856700236256,-19.958894429144294,0.0,1.840647578239441,,,
201.551170456454,-39.35446739992745,310.226099271712,23.02436711214888,0.0,1.7120962142944336,,,
193.75253493845173,21.09476719993254,310.81246427539287,83.91178362270162,0.0,9.257941246032715,,,
357.67981348403737,-68.38015042479174,311.1838098731934,-47.76352972828704,0.0,1.6710855960845947,,,
255.91312304878815,-81.42894826132887,311.2305247726654,-23.003329067372903,0.0,2.1747817993164062,,,
358.1152045820165,-67.64845682969134,311.3319615398504,-48.50660580112887,0.0,2.6814942359924316,,,
205.38955920080048,-44.10402547980208,312.3516762855819,17.84908792616939,0.0,2.086372137069702,,,
296.6917178920324,-81.38692037094158,312.489785156732,-28.86236196214115,0.0,3.2117791175842285,,,
293.4761026808406,-79.43657736125502,314.77189069267894,-28.57543078411466,0.0,19.462631225585938,,,
293.5013062979149,-78.64764777410855,315.66685591158927,-28.647146141612865,0.0,12.171131134033203,,,
11.229197508007372,-33.14671377016061,315.71333298647494,-83.81889739499977,0.0,2.6388907432556152,,,
200.81943898046953,-8.013027654597074,316.4305338307248,54.02213564130874,0.0,1.0418223142623901,,,
313.5503874440541,-76.78672632511996,316.51992734658194,-33.21239157012296,0.0,1.0142065286636353,,,
309.0955446622046,-76.84558649965838,316.89857213675305,-32.246028870136556,0.0,2.552156925201416,,,
208.9920333203333,-34.36697496228459,317.7994638302958,26.634876966098574,0.0,4.169360637664795,,,
194.63797360121328,21.13664875578242,318.4607935891938,83.79276872765074,0.0,13.817479133605957,,,
232.92431435710157,-65.52135681464796,318.54162391974694,-7.629811906745289,0.0,2.4610986709594727,,,
210.40688922927177,-34.0109018439952,319.1680201660974,26.638219104223104,0.0,5.474295139312744,,,
1.878407109708192,-50.55997509515042,319.6469857808396,-65.11885389187327,0.0,4.898037910461426,,,
194.94598112208047,21.11573247020119,320.9424867357801,83.69354810380179,0.0,6.982997894287109,,,
257.9283431642527,-70.92640487643445,321.08222050458363,-17.960176172323457,0.0,0.895070493221283,,,
204.59381229775423,-10.555395899626241,321.3058761001493,50.6342660015776,0.0,5.226181983947754,,,
197.64328318768204,13.417699485023904,321.9406819781126,75.57851085257049,0.0,3.735814332962036,,,
216.61786346743304,-38.95115901831225,322.44645516864534,20.292571481899756,0.0,1.0670673847198486,,,
330.7661473381344,-67.96347355704941,322.7470856076772,-42.10253704544232,0.0,0.8163507580757141,,,
214.27060257328387,-32.082726679818755,323.3163207405815,27.37652950033516,0.0,2.347120761871338,,,
282.43238694701887,-71.32477362282613,323.7026362400374,-25.458132446920843,0.0,1.024530053138733,,,
308.3535892726049,-70.8782359326766,323.77582854718327,-33.80089432938959,0.0,1.4662333726882935,,,
208.525474315906,-16.482569446737642,323.9611902586766,43.815556774316676,0.0,3.6219632625579834,,,
207.49791348073916,-11.19929510042289,325.19273763012404,49.12501978000383,0.0,2.1210978031158447,,,
307.25121217511503,-69.70171073830488,325.2569414083222,-33.72240179544781,0.0,1.2714248895645142,,,
306.4915891797924,-69.23865390054208,325.8690001545963,-33.561959974531206,0.0,1.0136126279830933,,,
206.37496714857065,-5.549764178300187,326.7341136718499,54.804177125414476,0.0,2.83148455619812,,,
227.8356362160176,-45.102507318634366,327.2788686479427,11.053599987866122,0.0,1.4186019897460938,,,
345.9075930392213,-57.380187525103516,327.66067622254644,-54.26340342231745,0.0,0.8985596895217896,,,
225.43704839056068,-40.63484069779332,328.059832477642,15.793641988828242,0.0,3.409742832183838,,,
200.80329168701715,10.728221971728312,328.96117156127355,71.9752332331739,0.0,2.023847818374634,,,
218.98419549504183,-28.283724360698184,329.29978501956606,29.18319649807357,0.0,3.8692023754119873,,,
278.2479658740877,-65.55279314310091,329.4876152217414,-22.67407220914278,0.0,1.4112294912338257,,,
220.23181558176097,-28.927324427175385,330.0756125470095,28.110631402138964,0.0,2.318747043609619,,,
281.85453590055624,-63.466971776804826,332.11216517932144,-23.639791706327557,0.0,11.830547332763672,,,
223.10250673894754,-24.498163233127773,335.1426840054318,30.70120604110891,0.0,7.225578308105469,,,
220.2660343997981,-17.207050125923885,337.01000308299996,38.304695568572164,0.0,1.8265808820724487,,,
265.3503123959675,-54.781092674262446,337.2335341186956,-12.597468625604307,0.0,3.5148661136627197,,,
229.8026130900566,-29.070128720123815,337.9055299163462,23.58740417635903,0.0,2.2679760456085205,,,
265.25631834513774,-53.98345366436328,337.9151943933234,-12.154850057081944,0.0,2.55069637298584,,,
351.6722560394515,-46.61180797040306,337.9211351653322,-64.3442370028842,0.0,1.7320678234100342,,,
230.43988621793844,-29.754853623698367,337.95833647984125,22.707259146017208,0.0,2.5566904544830322,,,
303.6793437184301,-59.217521234570384,337.9916378705142,-33.6166977878527,0.0,0.9362499117851257,,,
229.8800500107684,-28.940485813658917,338.04819668269107,23.653036759188296,0.0,4.789194583892822,,,
230.14490470442283,-29.00079717993009,338.2143791102226,23.46830938594327,0.0,1.6309837102890015,,,
230.7618829991047,-29.68049546622248,338.2504984099473,22.602201706061138,0.0,12.950277328491211,,,
230.74189150172103,-29.230681595249756,338.52456769081937,22.9747481716972,0.0,3.0104660987854004,,,
333.75897767466415,-53.35570174108392,339.747460940071,-51.08538470340221,0.0,0.6871228218078613,,,
232.11948401212916,-28.424133504082192,340.0980955313028,22.89126721579285,0.0,7.655269622802734,,,
320.1064681868969,-55.937780319944984,340.3525974730735,-42.80100816471872,0.0,1.3625272512435913,,,
225.456066957316,-18.878792446532284,340.9734252545749,34.18898408416798,0.0,1.0651646852493286,,,
302.688869993176,-56.636643037298924,341.0966905017376,-33.152385554219805,0.0,58.009971618652344,,,
233.48717709543985,-26.658809401131208,342.32569342721075,23.519897336433317,0.0,16.153146743774414,,,
233.15498312517187,-26.099603689934963,342.45937711325325,24.141446993262235,0.0,7.274147987365723,,,
216.1078215479966,-2.739759382265373,343.46903063026826,52.65458086649413,0.0,1.2637596130371094,,,
234.14346695948043,-25.414685821293812,343.68934307417936,24.1022456935777,0.0,2.9864916801452637,,,
235.35211279734295,-26.36688964876805,343.92058307529925,22.672600802469006,0.0,2.719003677368164,,,
290.0080391432018,-52.056454293778586,345.3824190376727,-25.321459743563253,0.0,1.4001235961914062,,,
200.03348096826207,20.212053829899908,347.9625359615754,80.46517061049202,0.0,1.726305365562439,,,
227.9724112709723,-11.278475820272298,349.1887409875766,38.66664183392274,0.0,4.0369157791137695,,,
266.99181172471884,-41.44786632876345,349.5002925626206,-6.859642992052812,0.0,5.931349754333496,,,
294.1021310253546,-45.295373161313705,353.36959022074444,-26.496771993248004,0.0,1.410935640335083,,,
352.8317809536359,-37.91145261266494,355.2299151846025,-70.03144153642546,0.0,1.0698574781417847,,,
317.8340059594179,-44.434422877176445,356.21186812462247,-43.118223201356784,0.0,3.3533411026000977,,,
276.51058022066945,-37.09743422353097,356.8803620956444,-11.334592149087612,0.0,1.7660466432571411,,,
276.962409213097,-35.177443621517945,358.8053279698074,-10.833611433845505,0.0,0.9271979331970215,,,
275.0918356278878,-33.531716779439414,359.6093822825228,-8.720568155962951,0.0,2.507230043411255,,,
273.54962929754873,-32.790965925178334,359.6765219559666,-7.233633882018651,0.0,1.404586911201477,,,
